,playerID,yearID,votedBy,ballots,needed,votes,inducted,category,needed_note
2860,aaronha01,1982,BBWAA,415.0,312.0,406.0,Y,Player,
3743,abbotji01,2005,BBWAA,516.0,387.0,13.0,N,Player,
146,adamsba01,1937,BBWAA,201.0,151.0,8.0,N,Player,
2108,adamsbo03,1966,BBWAA,302.0,227.0,1.0,N,Player,
1706,adamssp01,1958,BBWAA,266.0,200.0,1.0,N,Player,
2738,ageeto01,1979,BBWAA,432.0,324.0,0.0,N,Player,
3776,aguilri01,2006,BBWAA,520.0,390.0,3.0,N,Player,
2788,akerja01,1980,BBWAA,385.0,289.0,0.0,N,Player,
3424,alexado01,1995,BBWAA,460.0,345.0,0.0,N,Player,
13,alexape01,1936,BBWAA,226.0,170.0,55.0,N,Player,
2739,allenbe01,1979,BBWAA,432.0,324.0,0.0,N,Player,
2927,allendi01,1983,BBWAA,374.0,281.0,14.0,N,Player,
1469,allenjo02,1955,BBWAA,251.0,189.0,1.0,N,Player,
2740,alleyge01,1979,BBWAA,432.0,324.0,0.0,N,Player,
71,allisdo01,1936,Veterans,78.0,59.0,1.0,N,Player,
3887,alomaro01,2010,BBWAA,539.0,405.0,397.0,N,Player,
3995,alomasa02,2013,BBWAA,569.0,427.0,16.0,N,Player,
2782,aloufe01,1980,BBWAA,385.0,289.0,3.0,N,Player,
3016,alouje01,1985,BBWAA,395.0,297.0,1.0,N,Player,
2781,alouma01,1980,BBWAA,385.0,289.0,5.0,N,Player,
4040,aloumo01,2014,BBWAA,571.0,429.0,6.0,N,Player,
2950,alstowa01,1983,Veterans,,,,Y,Manager,
163,altroni01,1937,BBWAA,201.0,151.0,3.0,N,Player,
3854,anderbr01,2008,BBWAA,543.0,408.0,0.0,N,Player,
4112,anderga01,2016,BBWAA,440.0,330.0,1.0,N,Player,
3596,andersp01,2000,Veterans,,,,Y,Manager,
17,ansonca01,1936,Veterans,78.0,59.0,39.0,N,Player,
2712,aparilu01,1979,BBWAA,432.0,324.0,120.0,N,Player,
3905,appieke01,2010,BBWAA,539.0,405.0,1.0,N,Player,
1332,applilu01,1953,BBWAA,264.0,198.0,2.0,N,Player,
148,archeji01,1937,BBWAA,201.0,151.0,6.0,N,Player,
2228,ashburi01,1968,BBWAA,283.0,213.0,6.0,N,Player,
4083,aurilri01,2015,BBWAA,549.0,412.0,0.0,N,Player,
4116,ausmubr01,2016,BBWAA,440.0,330.0,0.0,N,Player,
1707,austiji01,1958,BBWAA,266.0,200.0,1.0,N,Player,
986,averiea01,1949,BBWAA,153.0,115.0,1.0,N,Player,
3940,baergca01,2011,BBWAA,581.0,436.0,0.0,N,Player,
3918,bagweje01,2011,BBWAA,581.0,436.0,242.0,N,Player,
3128,bahnsst01,1988,BBWAA,427.0,321.0,0.0,N,Player,
2976,bailebo01,1984,BBWAA,403.0,303.0,1.0,N,Player,
3263,bailobo01,1991,BBWAA,443.0,333.0,0.0,N,Player,
3815,baineha01,2007,BBWAA,545.0,409.0,29.0,N,Player,
3300,bakerdu01,1992,BBWAA,430.0,323.0,4.0,N,Player,
95,bakerfr01,1936,BBWAA,226.0,170.0,1.0,N,Player,
164,bancrda01,1937,BBWAA,201.0,151.0,3.0,N,Player,
3094,bandosa01,1987,BBWAA,413.0,310.0,3.0,N,Player,
2622,bankser01,1977,BBWAA,383.0,288.0,321.0,Y,Player,
2789,barbest01,1980,BBWAA,385.0,289.0,0.0,N,Player,
3183,barlial99,1989,Veterans,,,,Y,Umpire,
57,barnero01,1936,Veterans,78.0,59.0,3.0,N,Player,
3172,barrji01,1989,BBWAA,447.0,336.0,0.0,N,Player,
1360,barroed99,1953,Veterans,,,,Y,Pioneer/Executive,
285,barryja01,1938,BBWAA,262.0,197.0,3.0,N,Player,
860,bartedi01,1948,BBWAA,121.0,91.0,1.0,N,Player,
2790,bartobo01,1980,BBWAA,385.0,289.0,0.0,N,Player,
72,battijo01,1936,Veterans,78.0,59.0,1.0,N,Player,
2148,bauerha01,1967,BBWAA,292.0,219.0,23.0,N,Player,
3376,baylodo01,1994,BBWAA,456.0,342.0,12.0,N,Player,
2741,beaucji01,1979,BBWAA,432.0,324.0,0.0,N,Player,
307,beaumgi01,1938,BBWAA,262.0,197.0,1.0,N,Player,
2845,beckegl01,1981,BBWAA,401.0,301.0,1.0,N,Player,
73,becklja01,1936,Veterans,78.0,59.0,1.0,N,Player,
3846,beckro01,2008,BBWAA,543.0,408.0,2.0,N,Player,
3623,bedrost01,2001,BBWAA,515.0,387.0,1.0,N,Player,
3123,belanma01,1988,BBWAA,427.0,321.0,16.0,N,Player,
3416,bellbu01,1995,BBWAA,460.0,345.0,8.0,N,Player,
2541,bellco99,1974,Negro League,,,,Y,Player,
3768,belleal01,2006,BBWAA,520.0,390.0,40.0,N,Player,
3556,bellge02,1999,BBWAA,497.0,373.0,6.0,N,Player,
3879,bellja01,2009,BBWAA,539.0,405.0,2.0,N,Player,
3142,benchjo01,1989,BBWAA,447.0,336.0,431.0,Y,Player,
68,bendech01,1936,BBWAA,226.0,170.0,2.0,N,Player,
4045,benitar01,2014,BBWAA,571.0,429.0,1.0,N,Player,
58,bennech01,1936,Veterans,78.0,59.0,3.0,N,Player,
1709,bentola01,1958,BBWAA,266.0,200.0,1.0,N,Player,
171,bergema01,1937,BBWAA,201.0,151.0,2.0,N,Player,
1554,bergewa01,1956,BBWAA,193.0,145.0,1.0,N,Player,
1672,bergmo01,1958,BBWAA,266.0,200.0,4.0,N,Player,
2341,berrayo01,1971,BBWAA,360.0,270.0,242.0,N,Player,
1470,berrych02,1955,BBWAA,251.0,189.0,1.0,N,Player,
2851,berryke01,1981,BBWAA,401.0,301.0,0.0,N,Player,
3215,bibbyji01,1990,BBWAA,444.0,333.0,1.0,N,Player,
3822,bicheda01,2007,BBWAA,545.0,409.0,3.0,N,Player,
861,bigbeca01,1948,BBWAA,121.0,91.0,1.0,N,Player,
3975,biggicr01,2013,BBWAA,569.0,427.0,388.0,N,Player,
3061,billija01,1986,BBWAA,425.0,319.0,1.0,N,Player,
1471,bishoma01,1955,BBWAA,251.0,189.0,1.0,N,Player,
2231,blackew01,1968,BBWAA,283.0,213.0,5.0,N,Player,
1710,bladera01,1958,BBWAA,266.0,200.0,1.0,N,Player,
3053,blairpa01,1986,BBWAA,425.0,319.0,8.0,N,Player,
4143,blakeca01,2017,BBWAA,442.0,332.0,0.0,N,Player,
2784,blassst01,1980,BBWAA,385.0,289.0,2.0,N,Player,
844,bluegos01,1948,BBWAA,121.0,91.0,2.0,N,Player,
1411,bluelu01,1954,BBWAA,252.0,189.0,1.0,N,Player,
3298,bluevi01,1992,BBWAA,430.0,323.0,23.0,N,Player,
3514,blylebe01,1998,BBWAA,473.0,355.0,83.0,N,Player,
2791,boccajo01,1980,BBWAA,385.0,289.0,0.0,N,Player,
3558,boddimi01,1999,BBWAA,497.0,373.0,0.0,N,Player,
172,bodiepi01,1937,BBWAA,201.0,151.0,2.0,N,Player,
3726,boggswa01,2005,BBWAA,516.0,387.0,474.0,Y,Player,
512,boleyjo01,1942,BBWAA,233.0,175.0,1.0,N,Player,
2742,bolinbo01,1979,BBWAA,432.0,324.0,0.0,N,Player,
3983,bondsba01,2013,BBWAA,569.0,427.0,206.0,N,Player,
3092,bondsbo01,1987,BBWAA,413.0,310.0,24.0,N,Player,
74,bondto01,1936,Veterans,78.0,59.0,1.0,N,Player,
3824,bonilbo01,2007,BBWAA,545.0,409.0,2.0,N,Player,
4079,booneaa01,2015,BBWAA,549.0,412.0,2.0,N,Player,
3451,boonebo01,1996,BBWAA,470.0,353.0,36.0,N,Player,
3938,boonebr01,2011,BBWAA,581.0,436.0,1.0,N,Player,
829,bottoji01,1948,BBWAA,121.0,91.0,4.0,N,Player,
1540,boudrlo01,1956,BBWAA,193.0,145.0,2.0,N,Player,
2973,boutoji01,1984,BBWAA,403.0,303.0,3.0,N,Player,
3254,bowala01,1991,BBWAA,443.0,333.0,11.0,N,Player,
2693,boyercl02,1978,BBWAA,379.0,285.0,1.0,N,Player,
2573,boyerke01,1975,BBWAA,362.0,272.0,9.0,N,Player,
96,bradlbi01,1936,BBWAA,226.0,170.0,1.0,N,Player,
1809,brechha01,1960,BBWAA,269.0,202.0,7.0,N,Player,
183,breitte01,1937,BBWAA,201.0,151.0,1.0,N,Player,
15,bresnro01,1936,BBWAA,226.0,170.0,47.0,N,Player,
3535,brettge01,1999,BBWAA,497.0,373.0,488.0,Y,Player,
2889,breweji01,1982,BBWAA,415.0,312.0,2.0,N,Player,
1530,bridgto01,1956,BBWAA,193.0,145.0,3.0,N,Player,
2852,briggjo02,1981,BBWAA,401.0,301.0,0.0,N,Player,
2977,brilene01,1984,BBWAA,403.0,303.0,1.0,N,Player,
2984,brocklo01,1985,BBWAA,395.0,297.0,315.0,Y,Player,
3595,brookhu01,2000,BBWAA,499.0,375.0,0.0,N,Player,
3827,brosisc01,2007,BBWAA,545.0,409.0,0.0,N,Player,
62,broutda01,1936,Veterans,78.0,59.0,2.0,N,Player,
2846,brownga01,1981,BBWAA,401.0,301.0,1.0,N,Player,
3932,brownke01,2011,BBWAA,581.0,436.0,12.0,N,Player,
2792,brownla01,1980,BBWAA,385.0,289.0,0.0,N,Player,
48,brownmo01,1936,BBWAA,226.0,170.0,6.0,N,Player,
3782,brownra99,2006,Negro League,,,,Y,Player,
3624,brownto05,2001,BBWAA,515.0,387.0,1.0,N,Player,
3783,brownwi02,2006,Negro League,,,,Y,Player,
2388,brutobi01,1971,BBWAA,360.0,270.0,1.0,N,Player,
3459,bucknbi01,1996,BBWAA,470.0,353.0,10.0,N,Player,
3826,buhneja01,2007,BBWAA,545.0,409.0,1.0,N,Player,
223,bulkemo99,1937,Centennial,,,,Y,Pioneer/Executive,
3264,bumbral01,1991,BBWAA,443.0,333.0,0.0,N,Player,
2630,bunniji01,1977,BBWAA,383.0,288.0,146.0,N,Player,
2473,burdele01,1973,BBWAA,380.0,285.0,12.0,N,Player,
2490,burgesm01,1973,BBWAA,380.0,285.0,1.0,N,Player,
75,burkeje01,1936,Veterans,78.0,59.0,1.0,N,Player,
3903,burksel01,2010,BBWAA,539.0,405.0,2.0,N,Player,
3343,burleri01,1993,BBWAA,423.0,318.0,0.0,N,Player,
3971,burnije01,2012,BBWAA,573.0,430.0,0.0,N,Player,
165,burnsge01,1937,BBWAA,201.0,151.0,3.0,N,Player,
4144,burrepa01,2017,BBWAA,442.0,332.0,0.0,N,Player,
3256,burroje01,1991,BBWAA,443.0,333.0,1.0,N,Player,
185,bushdo01,1937,BBWAA,201.0,151.0,1.0,N,Player,
1541,bushgu01,1956,BBWAA,193.0,145.0,2.0,N,Player,
1664,bushjo01,1958,BBWAA,266.0,200.0,5.0,N,Player,
3683,butlebr01,2003,BBWAA,496.0,372.0,2.0,N,Player,
4145,cabreor01,2017,BBWAA,442.0,332.0,0.0,N,Player,
862,cadorle01,1948,BBWAA,121.0,91.0,1.0,N,Player,
3219,caldwmi01,1990,BBWAA,444.0,333.0,0.0,N,Player,
2735,callijo01,1979,BBWAA,432.0,324.0,1.0,N,Player,
4146,camermi01,2017,BBWAA,442.0,332.0,0.0,N,Player,
863,camildo01,1948,BBWAA,121.0,91.0,1.0,N,Player,
3825,caminke01,2007,BBWAA,545.0,409.0,2.0,N,Player,
598,camniho01,1945,BBWAA,247.0,186.0,1.0,N,Player,
3166,campabe01,1989,BBWAA,447.0,336.0,14.0,N,Player,
1973,camparo01,1964,Run Off,201.0,,138.0,N,Player,1st
3342,campbbi02,1993,BBWAA,423.0,318.0,1.0,N,Player,
3557,candejo01,1999,BBWAA,497.0,373.0,1.0,N,Player,
3747,candito01,2005,BBWAA,516.0,387.0,2.0,N,Player,
2793,cannich01,1980,BBWAA,385.0,289.0,0.0,N,Player,
3820,cansejo01,2007,BBWAA,545.0,409.0,6.0,N,Player,
3062,cardejo02,1986,BBWAA,425.0,319.0,1.0,N,Player,
2847,cardele01,1981,BBWAA,401.0,301.0,1.0,N,Player,
3229,carewro01,1991,BBWAA,443.0,333.0,401.0,Y,Player,
149,careyma01,1937,BBWAA,201.0,151.0,6.0,N,Player,
3348,carltst01,1994,BBWAA,456.0,342.0,436.0,Y,Player,
4179,carpech01,2018,BBWAA,422.0,317.0,2.0,N,Player,
2109,carrach01,1966,BBWAA,302.0,227.0,1.0,N,Player,
153,carribi02,1937,BBWAA,201.0,151.0,5.0,N,Player,
2978,carrocl02,1984,BBWAA,403.0,303.0,1.0,N,Player,
3508,cartega01,1998,BBWAA,473.0,355.0,200.0,N,Player,
3712,cartejo01,2004,BBWAA,506.0,380.0,19.0,N,Player,
348,cartwal99,1938,Centennial,,,,Y,Pioneer/Executive,
3017,cartyri01,1985,BBWAA,395.0,297.0,1.0,N,Player,
2794,casanpa01,1980,BBWAA,385.0,289.0,0.0,N,Player,
1711,casege01,1958,BBWAA,266.0,200.0,1.0,N,Player,
4051,caseyse01,2014,BBWAA,571.0,429.0,0.0,N,Player,
3059,cashda01,1986,BBWAA,425.0,319.0,2.0,N,Player,
2780,cashno01,1980,BBWAA,385.0,289.0,6.0,N,Player,
4118,castilu01,2016,BBWAA,440.0,330.0,0.0,N,Player,
3962,castivi02,2012,BBWAA,573.0,430.0,6.0,N,Player,
1931,cavarph01,1962,BBWAA,160.0,120.0,2.0,N,Player,
3303,cedence01,1992,BBWAA,430.0,323.0,2.0,N,Player,
2773,cepedor01,1980,BBWAA,385.0,289.0,48.0,N,Player,
3338,ceyro01,1993,BBWAA,423.0,318.0,8.0,N,Player,
349,chadwhe99,1938,Centennial,,,,Y,Pioneer/Executive,
3382,chambch01,1994,BBWAA,456.0,342.0,0.0,N,Player,
52,chancfr01,1936,BBWAA,226.0,170.0,5.0,N,Player,
2902,chandha99,1982,Veterans,,,,Y,Pioneer/Executive,
1070,chandsp01,1950,BBWAA,168.0,126.0,2.0,N,Player,
990,chapmbe01,1949,BBWAA,153.0,115.0,1.0,N,Player,
309,chapmra01,1938,BBWAA,262.0,197.0,1.0,N,Player,
1712,chapmsa01,1958,BBWAA,266.0,200.0,1.0,N,Player,
2618,charlos99,1976,Negro League,,,,Y,Player,
35,chaseha01,1936,BBWAA,226.0,170.0,11.0,N,Player,
186,chesbja01,1937,BBWAA,201.0,151.0,1.0,N,Player,
3563,chylane99,1999,Veterans,,,,Y,Umpire,
4001,cirilje01,2013,BBWAA,569.0,427.0,0.0,N,Player,
187,cissebi01,1937,BBWAA,201.0,151.0,1.0,N,Player,
37,clarkfr01,1936,Veterans,78.0,59.0,9.0,N,Player,
2795,clarkho01,1980,BBWAA,385.0,289.0,0.0,N,Player,
3523,clarkja01,1998,BBWAA,473.0,355.0,7.0,N,Player,
50,clarkjo01,1936,Veterans,78.0,59.0,5.0,N,Player,
4081,clarkto02,2015,BBWAA,549.0,412.0,0.0,N,Player,
3769,clarkwi02,2006,BBWAA,520.0,390.0,23.0,N,Player,
4008,claytro01,2013,BBWAA,569.0,427.0,0.0,N,Player,
2492,clemero01,1973,Special Election,,,,Y,Player,
3982,clemero02,2013,BBWAA,569.0,427.0,214.0,N,Player,
310,coaklan01,1938,BBWAA,262.0,197.0,1.0,N,Player,
0,cobbty01,1936,BBWAA,226.0,170.0,222.0,Y,Player,
9,cochrmi01,1936,BBWAA,226.0,170.0,80.0,N,Player,
2539,colavro01,1974,BBWAA,365.0,274.0,2.0,N,Player,
2979,colboji01,1984,BBWAA,403.0,303.0,0.0,N,Player,
3682,colemvi01,2003,BBWAA,496.0,372.0,3.0,N,Player,
11,collied01,1936,BBWAA,226.0,170.0,60.0,N,Player,
12,colliji01,1936,BBWAA,226.0,170.0,58.0,N,Player,
188,collish01,1937,BBWAA,201.0,151.0,1.0,N,Player,
160,combsea01,1937,BBWAA,201.0,151.0,4.0,N,Player,
42,comisch01,1936,Veterans,78.0,59.0,6.0,N,Player,
3368,conceda01,1994,BBWAA,456.0,342.0,31.0,N,Player,
3876,coneda01,2009,BBWAA,539.0,405.0,21.0,N,Player,
4002,coninje01,2013,BBWAA,569.0,427.0,0.0,N,Player,
2543,conlajo01,1974,Veterans,,,,Y,Umpire,
2619,connoro01,1976,Veterans,,,,Y,Player,
1362,connoto99,1953,Veterans,,,,Y,Umpire,
601,conrowi01,1945,BBWAA,247.0,186.0,1.0,N,Player,
173,coombja01,1937,BBWAA,201.0,151.0,2.0,N,Player,
3784,coopean99,2006,Negro League,,,,Y,Player,
3344,coopece01,1993,BBWAA,423.0,318.0,0.0,N,Player,
1542,coopemo01,1956,BBWAA,193.0,145.0,2.0,N,Player,
2225,coopewa01,1968,BBWAA,283.0,213.0,8.0,N,Player,
311,coopewi01,1938,BBWAA,262.0,197.0,1.0,N,Player,
2183,courtcl01,1967,BBWAA,292.0,219.0,1.0,N,Player,
312,covelst01,1938,BBWAA,262.0,197.0,1.0,N,Player,
1940,coxbi02,1962,BBWAA,160.0,120.0,1.0,N,Player,
4015,coxbo01,2014,Veterans,,,,Y,Manager,
1527,cramedo01,1956,BBWAA,193.0,145.0,4.0,N,Player,
2610,crandde01,1976,BBWAA,388.0,291.0,15.0,N,Player,
313,cranddo01,1938,BBWAA,262.0,197.0,1.0,N,Player,
174,cravaga01,1937,BBWAA,201.0,151.0,2.0,N,Player,
98,crawfsa01,1936,BBWAA,226.0,170.0,1.0,N,Player,
41,crigelo01,1936,BBWAA,226.0,170.0,7.0,N,Player,
1543,critzhu01,1956,BBWAA,193.0,145.0,2.0,N,Player,
773,cronijo01,1947,BBWAA,161.0,121.0,6.0,N,Player,
1086,crosefr01,1950,BBWAA,168.0,126.0,1.0,N,Player,
426,crossla01,1939,BBWAA,274.0,206.0,1.0,N,Player,
1713,crowdal01,1958,BBWAA,266.0,200.0,1.0,N,Player,
3173,crowlte01,1989,BBWAA,447.0,336.0,0.0,N,Player,
314,cruiswa01,1938,BBWAA,262.0,197.0,1.0,N,Player,
3378,cruzjo01,1994,BBWAA,456.0,342.0,2.0,N,Player,
1559,cuccito01,1956,BBWAA,193.0,145.0,1.0,N,Player,
2935,cuellmi01,1983,BBWAA,374.0,281.0,0.0,N,Player,
2743,culpra01,1979,BBWAA,432.0,324.0,0.0,N,Player,
104,cummica01,1936,Veterans,78.0,59.0,0.0,N,Player,
833,cuyleki01,1948,BBWAA,121.0,91.0,3.0,N,Player,
77,dahlebi01,1936,Veterans,78.0,59.0,1.0,N,Player,
4177,damonjo01,2018,BBWAA,422.0,317.0,8.0,N,Player,
3097,dandrra99,1987,Veterans,,,,Y,Player,
1714,danniha01,1958,BBWAA,266.0,200.0,1.0,N,Player,
2090,darkal01,1966,BBWAA,302.0,227.0,17.0,N,Player,
3625,darliro01,2001,BBWAA,515.0,387.0,1.0,N,Player,
3724,darwida01,2004,BBWAA,506.0,380.0,0.0,N,Player,
78,daubeja01,1936,Veterans,78.0,59.0,1.0,N,Player,
3265,dauerri01,1991,BBWAA,443.0,333.0,0.0,N,Player,
3687,daultda01,2003,BBWAA,496.0,372.0,1.0,N,Player,
3065,davalvi01,1986,BBWAA,425.0,319.0,0.0,N,Player,
3746,davisch01,2005,BBWAA,516.0,387.0,3.0,N,Player,
1715,daviscu01,1958,BBWAA,266.0,200.0,1.0,N,Player,
3823,daviser01,2007,BBWAA,545.0,409.0,3.0,N,Player,
3530,davisge01,1998,Veterans,,,,Y,Player,
602,davisha01,1945,BBWAA,247.0,186.0,1.0,N,Player,
3688,davisma01,2003,BBWAA,496.0,372.0,1.0,N,Player,
864,davissp01,1948,BBWAA,121.0,91.0,1.0,N,Player,
2885,davisto02,1982,BBWAA,415.0,312.0,5.0,N,Player,
3637,dawsoan01,2002,BBWAA,472.0,354.0,214.0,N,Player,
3429,dayle99,1995,Veterans,,,,Y,Player,
569,deandi01,1945,BBWAA,247.0,186.0,17.0,N,Player,
3339,decindo01,1993,BBWAA,423.0,318.0,2.0,N,Player,
22,delahed01,1936,Veterans,78.0,59.0,21.0,N,Player,
4076,delgaca01,2015,BBWAA,549.0,412.0,21.0,N,Player,
3529,dempsri01,1998,BBWAA,473.0,355.0,1.0,N,Player,
43,dennyje01,1936,Veterans,78.0,59.0,6.0,N,Player,
3307,dennyjo01,1992,BBWAA,430.0,323.0,0.0,N,Player,
3210,dentbu01,1990,BBWAA,444.0,333.0,3.0,N,Player,
865,derripa01,1948,BBWAA,121.0,91.0,1.0,N,Player,
3626,deshaji01,2001,BBWAA,515.0,387.0,1.0,N,Player,
570,dickebi01,1945,BBWAA,247.0,186.0,17.0,N,Player,
2936,dierkla01,1983,BBWAA,374.0,281.0,0.0,N,Player,
2656,dihigma99,1977,Negro League,,,,Y,Player,
1825,dimagdo01,1960,BBWAA,269.0,202.0,4.0,N,Player,
603,dimagjo01,1945,BBWAA,247.0,186.0,1.0,N,Player,
281,dinnebi01,1938,BBWAA,262.0,197.0,4.0,N,Player,
3780,disarga01,2006,BBWAA,520.0,390.0,0.0,N,Player,
1682,doakbi01,1958,BBWAA,266.0,200.0,3.0,N,Player,
2937,dobsopa01,1983,BBWAA,374.0,281.0,0.0,N,Player,
2094,dobyla01,1966,BBWAA,302.0,227.0,7.0,N,Player,
1333,doerrbo01,1953,BBWAA,264.0,198.0,2.0,N,Player,
150,donlimi01,1937,BBWAA,201.0,151.0,6.0,N,Player,
166,donovbi01,1937,BBWAA,201.0,151.0,3.0,N,Player,
189,dooinre01,1937,BBWAA,201.0,151.0,1.0,N,Player,
2938,downial01,1983,BBWAA,374.0,281.0,0.0,N,Player,
3527,downibr01,1998,BBWAA,473.0,355.0,2.0,N,Player,
79,doyleja01,1936,Veterans,78.0,59.0,1.0,N,Player,
176,doylela01,1937,BBWAA,201.0,151.0,2.0,N,Player,
3718,drabedo01,2004,BBWAA,506.0,380.0,2.0,N,Player,
4147,drewjd01,2017,BBWAA,442.0,332.0,0.0,N,Player,
3856,dreyfba99,2008,Veterans,,,,Y,Pioneer/Executive,
2184,dropowa01,1967,BBWAA,292.0,219.0,1.0,N,Player,
2560,drysddo01,1975,BBWAA,362.0,272.0,76.0,N,Player,
59,duffyhu01,1936,Veterans,78.0,59.0,3.0,N,Player,
190,duganjo01,1937,BBWAA,201.0,151.0,1.0,N,Player,
63,dunlafr01,1936,Veterans,78.0,59.0,2.0,N,Player,
516,dunnja01,1942,BBWAA,233.0,175.0,1.0,N,Player,
3849,dunstsh01,2008,BBWAA,543.0,408.0,1.0,N,Player,
4053,durhara01,2014,BBWAA,571.0,429.0,0.0,N,Player,
866,durocle01,1948,BBWAA,121.0,91.0,1.0,N,Manager,
4086,dyeje01,2015,BBWAA,549.0,412.0,0.0,N,Player,
781,dyered01,1947,BBWAA,161.0,121.0,1.0,N,Player,
821,dykesji01,1948,BBWAA,121.0,91.0,5.0,N,Player,
3655,dykstle01,2002,BBWAA,472.0,354.0,1.0,N,Player,
835,earnsge01,1948,BBWAA,121.0,91.0,3.0,N,Player,
3695,eckerde01,2004,BBWAA,506.0,380.0,421.0,Y,Player,
4111,eckstda01,2016,BBWAA,440.0,330.0,2.0,N,Player,
4107,edmonji01,2016,BBWAA,440.0,330.0,11.0,N,Player,
1842,edwarha01,1960,BBWAA,269.0,202.0,2.0,N,Player,
2796,edwarjo01,1980,BBWAA,385.0,289.0,0.0,N,Player,
320,ehmkeho01,1938,BBWAA,262.0,197.0,1.0,N,Player,
3716,eisenji01,2004,BBWAA,506.0,380.0,3.0,N,Player,
99,elberki01,1936,BBWAA,226.0,170.0,1.0,N,Player,
1843,elliobo01,1960,BBWAA,269.0,202.0,2.0,N,Player,
1716,ellioju01,1958,BBWAA,266.0,200.0,1.0,N,Player,
3018,ellisdo01,1985,BBWAA,395.0,297.0,1.0,N,Player,
2102,ennisde01,1966,BBWAA,302.0,227.0,3.0,N,Player,
1088,ensje01,1950,BBWAA,168.0,126.0,1.0,N,Player,
2096,erskica01,1966,BBWAA,302.0,227.0,6.0,N,Player,
4080,erstada01,2015,BBWAA,549.0,412.0,1.0,N,Player,
2493,evansbi99,1973,Veterans,,,,Y,Umpire,
3417,evansda01,1995,BBWAA,460.0,345.0,8.0,N,Player,
3490,evansdw01,1997,BBWAA,473.0,353.0,28.0,N,Player,
49,eversjo01,1936,BBWAA,226.0,170.0,6.0,N,Player,
18,ewingbu01,1936,Veterans,78.0,59.0,39.0,N,Player,
167,faberre01,1937,BBWAA,201.0,151.0,3.0,N,Player,
2606,facero01,1976,BBWAA,388.0,291.0,23.0,N,Player,
2980,fairlro01,1984,BBWAA,403.0,303.0,0.0,N,Player,
192,falkecy01,1937,BBWAA,201.0,151.0,1.0,N,Player,
1884,fellebo01,1962,BBWAA,160.0,120.0,150.0,Y,Player,
3174,fergujo01,1989,BBWAA,447.0,336.0,0.0,N,Player,
3781,fernaal01,2006,BBWAA,520.0,390.0,0.0,N,Player,
3684,fernasi01,2003,BBWAA,496.0,372.0,2.0,N,Player,
3821,fernato01,2007,BBWAA,545.0,409.0,4.0,N,Player,
1564,ferreri01,1956,BBWAA,193.0,145.0,1.0,N,Player,
867,ferrewe01,1948,BBWAA,121.0,91.0,1.0,N,Player,
3721,fieldce01,2004,BBWAA,506.0,380.0,1.0,N,Player,
3232,fingero01,1991,BBWAA,443.0,333.0,291.0,N,Player,
3850,finlech01,2008,BBWAA,543.0,408.0,1.0,N,Player,
3998,finlest01,2013,BBWAA,569.0,427.0,4.0,N,Player,
2744,fisheed02,1979,BBWAA,432.0,324.0,0.0,N,Player,
3537,fiskca01,1999,BBWAA,497.0,373.0,330.0,N,Player,
848,fitzsfr01,1948,BBWAA,121.0,91.0,2.0,N,Player,
3528,flanami01,1998,BBWAA,473.0,355.0,2.0,N,Player,
177,fletcar01,1937,BBWAA,201.0,151.0,2.0,N,Player,
322,flickel01,1938,BBWAA,262.0,197.0,1.0,N,Player,
105,flintsi01,1936,Veterans,78.0,59.0,0.0,N,Player,
2645,floodcu01,1977,BBWAA,383.0,288.0,16.0,N,Player,
4087,floydcl01,2015,BBWAA,549.0,412.0,0.0,N,Player,
868,fonsele01,1948,BBWAA,121.0,91.0,1.0,N,Player,
2449,fordwh01,1973,BBWAA,380.0,285.0,255.0,N,Player,
3419,forscbo01,1995,BBWAA,460.0,345.0,2.0,N,Player,
3308,forscke01,1992,BBWAA,430.0,323.0,0.0,N,Player,
3468,fostebi99,1996,Veterans,,,,Y,Player,
299,fosteed02,1938,BBWAA,262.0,197.0,2.0,N,Player,
3297,fostege01,1992,BBWAA,430.0,323.0,24.0,N,Player,
2858,fosteru99,1981,Veterans,,,,Y,Manager,
2360,foxne01,1971,BBWAA,360.0,270.0,39.0,N,Player,
23,foxxji01,1936,BBWAA,226.0,170.0,21.0,N,Player,
3931,francjo01,2011,BBWAA,581.0,436.0,27.0,N,Player,
3996,francju02,2013,BBWAA,569.0,427.0,6.0,N,Player,
430,frasech01,1939,BBWAA,274.0,206.0,1.0,N,Player,
2890,freehbi01,1982,BBWAA,415.0,312.0,2.0,N,Player,
2972,fregoji01,1984,BBWAA,403.0,303.0,4.0,N,Player,
2339,frickfo99,1970,Veterans,,,,Y,Pioneer/Executive,
31,friscfr01,1936,BBWAA,226.0,170.0,14.0,N,Player,
3847,frymatr01,2008,BBWAA,543.0,408.0,2.0,N,Player,
3175,frymawo01,1989,BBWAA,447.0,336.0,0.0,N,Player,
2103,furilca01,1966,BBWAA,302.0,227.0,2.0,N,Player,
3774,gaettga01,2006,BBWAA,520.0,390.0,4.0,N,Player,
2797,gagliph01,1980,BBWAA,385.0,289.0,0.0,N,Player,
4043,gagneer01,2014,BBWAA,571.0,429.0,2.0,N,Player,
2238,galanau01,1968,BBWAA,283.0,213.0,2.0,N,Player,
3900,galaran01,2010,BBWAA,539.0,405.0,22.0,N,Player,
2063,galvipu01,1965,Veterans,,,,Y,Player,
3266,gamblos01,1991,BBWAA,443.0,333.0,0.0,N,Player,
3881,gantro01,2009,BBWAA,539.0,405.0,0.0,N,Player,
4075,garcino01,2015,BBWAA,549.0,412.0,30.0,N,Player,
3379,garneph01,1994,BBWAA,456.0,342.0,2.0,N,Player,
2185,garvene01,1967,BBWAA,292.0,219.0,1.0,N,Player,
3319,garvest01,1993,BBWAA,423.0,318.0,176.0,N,Player,
107,gehrich01,1936,BBWAA,226.0,170.0,0.0,N,Player,
14,gehrilo01,1936,BBWAA,226.0,170.0,51.0,N,Player,
782,gelbech01,1947,BBWAA,161.0,121.0,1.0,N,Player,
3176,geronce01,1989,BBWAA,447.0,336.0,0.0,N,Player,
2819,gibsobo01,1981,BBWAA,401.0,301.0,337.0,Y,Player,
2443,gibsojo99,1972,Negro League,,,,Y,Player,
3619,gibsoki01,2001,BBWAA,515.0,387.0,13.0,N,Player,
4082,gilesbr02,2015,BBWAA,549.0,412.0,0.0,N,Player,
2754,gileswa99,1979,Veterans,,,,Y,Pioneer/Executive,
3946,gillipa99,2011,Veterans,,,,Y,Pioneer/Executive,
2932,giustda01,1983,BBWAA,374.0,281.0,1.0,N,Player,
2745,gladdfr01,1979,BBWAA,432.0,324.0,0.0,N,Player,
64,glassja01,1936,Veterans,78.0,59.0,2.0,N,Player,
4113,glaustr01,2016,BBWAA,440.0,330.0,0.0,N,Player,
4019,glavito02,2014,BBWAA,571.0,429.0,525.0,Y,Player,
193,gleaski01,1937,BBWAA,201.0,151.0,1.0,N,Player,
3177,goltzda01,1989,BBWAA,447.0,336.0,0.0,N,Player,
575,gomezle01,1945,BBWAA,247.0,186.0,7.0,N,Player,
3929,gonzaju03,2011,BBWAA,581.0,436.0,30.0,N,Player,
4042,gonzalu01,2014,BBWAA,571.0,429.0,5.0,N,Player,
1092,gonzami01,1950,BBWAA,168.0,126.0,1.0,N,Player,
3770,goodedw01,2006,BBWAA,520.0,390.0,17.0,N,Player,
608,gordojo01,1945,BBWAA,247.0,186.0,1.0,N,Player,
4078,gordoto01,2015,BBWAA,549.0,412.0,2.0,N,Player,
2798,gosgeji01,1980,BBWAA,385.0,289.0,0.0,N,Player,
869,gosligo01,1948,BBWAA,121.0,91.0,1.0,N,Player,
3571,gossari01,2000,BBWAA,499.0,375.0,166.0,N,Player,
178,gowdyha01,1937,BBWAA,201.0,151.0,2.0,N,Player,
3875,gracema01,2009,BBWAA,539.0,405.0,22.0,N,Player,
324,granted01,1938,BBWAA,262.0,197.0,1.0,N,Player,
3785,grantfr99,2006,Negro League,,,,Y,Player,
1718,grantge01,1958,BBWAA,266.0,200.0,1.0,N,Player,
2696,grantmu01,1978,BBWAA,379.0,285.0,0.0,N,Player,
584,greenha01,1945,BBWAA,247.0,186.0,3.0,N,Player,
3653,greenmi01,2002,BBWAA,472.0,354.0,2.0,N,Player,
3999,greensh01,2013,BBWAA,569.0,427.0,2.0,N,Player,
3299,grichbo01,1992,BBWAA,430.0,323.0,11.0,N,Player,
161,griffcl01,1937,BBWAA,201.0,151.0,4.0,N,Pioneer/Executive,
3491,griffke01,1997,BBWAA,473.0,353.0,22.0,N,Player,
4088,griffke02,2016,BBWAA,440.0,330.0,437.0,Y,Player,
194,grimebu01,1937,BBWAA,201.0,151.0,1.0,N,Player,
433,grimmch01,1939,BBWAA,274.0,206.0,1.0,N,Player,
3129,grimsro02,1988,BBWAA,427.0,321.0,0.0,N,Player,
2104,grissma01,1966,BBWAA,302.0,227.0,2.0,N,Player,
3934,grissma02,2011,BBWAA,581.0,436.0,4.0,N,Player,
2477,groatdi01,1973,BBWAA,380.0,285.0,7.0,N,Player,
195,grohhe01,1937,BBWAA,201.0,151.0,1.0,N,Player,
2046,gromest01,1964,BBWAA,201.0,151.0,1.0,N,Player,
3425,grossgr01,1995,BBWAA,460.0,345.0,0.0,N,Player,
3095,groteje01,1987,BBWAA,413.0,310.0,0.0,N,Player,
32,grovele01,1936,BBWAA,226.0,170.0,12.0,N,Player,
1667,groveor01,1958,BBWAA,266.0,200.0,5.0,N,Player,
4115,grudzma01,2016,BBWAA,440.0,330.0,0.0,N,Player,
4084,guarded01,2015,BBWAA,549.0,412.0,0.0,N,Player,
3524,guerrpe01,1998,BBWAA,473.0,355.0,6.0,N,Player,
4124,guerrvl01,2017,BBWAA,442.0,332.0,317.0,N,Player,
3370,guidrro01,1994,BBWAA,456.0,342.0,24.0,N,Player,
4148,guillca01,2017,BBWAA,442.0,332.0,0.0,N,Player,
3772,guilloz01,2006,BBWAA,520.0,390.0,5.0,N,Player,
3591,gullibi01,2000,BBWAA,499.0,375.0,1.0,N,Player,
3267,gurala01,1991,BBWAA,443.0,333.0,0.0,N,Player,
1685,gustifr01,1958,BBWAA,266.0,200.0,3.0,N,Player,
3800,gwynnto01,2007,BBWAA,545.0,409.0,532.0,Y,Player,
1477,haasmu01,1955,BBWAA,251.0,189.0,1.0,N,Player,
849,hackst01,1948,BBWAA,121.0,91.0,2.0,N,Player,
2367,haddiha01,1971,BBWAA,360.0,270.0,10.0,N,Player,
871,hafeych01,1948,BBWAA,121.0,91.0,1.0,N,Player,
434,hahnno01,1939,BBWAA,274.0,206.0,1.0,N,Player,
435,haineje01,1939,BBWAA,274.0,206.0,1.0,N,Player,
872,hallabi01,1948,BBWAA,121.0,91.0,1.0,N,Player,
65,hamilbi01,1936,Veterans,78.0,59.0,2.0,N,Player,
4117,hamptmi01,2016,BBWAA,440.0,330.0,0.0,N,Player,
2853,handsbi01,1981,BBWAA,401.0,301.0,0.0,N,Player,
3469,hanlone01,1996,Veterans,,,,Y,Manager,
962,hardeme01,1949,BBWAA,153.0,115.0,4.0,N,Player,
786,hargrbu01,1947,BBWAA,161.0,121.0,1.0,N,Player,
3257,hargrmi01,1991,BBWAA,443.0,333.0,1.0,N,Player,
2894,harpeto01,1982,BBWAA,415.0,312.0,0.0,N,Player,
3305,harrato01,1992,BBWAA,430.0,323.0,1.0,N,Player,
3063,harrebu01,1986,BBWAA,425.0,319.0,1.0,N,Player,
326,harribu01,1938,BBWAA,262.0,197.0,1.0,N,Manager,
3941,harrile01,2011,BBWAA,581.0,436.0,0.0,N,Player,
2445,harriwi99,1972,Veterans,,,,Y,Pioneer/Executive,
108,hartnga01,1936,BBWAA,226.0,170.0,0.0,N,Player,
3912,harvedo99,2010,Veterans,,,,Y,Umpire,
2099,hattogr01,1966,BBWAA,302.0,227.0,4.0,N,Player,
2110,hearnji01,1966,BBWAA,302.0,227.0,1.0,N,Player,
3258,hebneri01,1991,BBWAA,443.0,333.0,1.0,N,Player,
2097,heganji01,1966,BBWAA,302.0,227.0,5.0,N,Player,
143,heilmha01,1937,BBWAA,201.0,151.0,10.0,N,Player,
2933,helmsto01,1983,BBWAA,374.0,281.0,1.0,N,Player,
2111,hemusso01,1966,BBWAA,302.0,227.0,1.0,N,Player,
3589,hendeda01,2000,BBWAA,499.0,375.0,2.0,N,Player,
3861,henderi01,2009,BBWAA,539.0,405.0,511.0,Y,Player,
3383,hendrge01,1994,BBWAA,456.0,342.0,0.0,N,Player,
3621,henketo01,2001,BBWAA,515.0,387.0,6.0,N,Player,
3657,hennemi01,2002,BBWAA,472.0,354.0,0.0,N,Player,
1245,henrito01,1952,BBWAA,234.0,176.0,4.0,N,Player,
3904,hentgpa01,2010,BBWAA,539.0,405.0,1.0,N,Player,
520,hermaba01,1942,BBWAA,233.0,175.0,1.0,N,Player,
873,hermabi01,1948,BBWAA,121.0,91.0,1.0,N,Player,
3455,hernake01,1996,BBWAA,470.0,353.0,24.0,N,Player,
4181,hernali01,2018,BBWAA,422.0,317.0,1.0,N,Player,
4006,hernaro01,2013,BBWAA,569.0,427.0,0.0,N,Player,
3420,hernawi01,1995,BBWAA,460.0,345.0,2.0,N,Player,
3766,hershor01,2006,BBWAA,520.0,390.0,58.0,N,Player,
327,herzobu01,1938,BBWAA,262.0,197.0,1.0,N,Player,
3911,herzowh01,2010,Veterans,,,,Y,Manager,
2785,hickmji02,1980,BBWAA,385.0,289.0,1.0,N,Player,
3942,higgibo02,2011,BBWAA,581.0,436.0,0.0,N,Player,
1078,higgipi01,1950,BBWAA,168.0,126.0,2.0,N,Player,
3052,hillejo01,1986,BBWAA,425.0,319.0,11.0,N,Player,
3786,hillpe99,2006,Negro League,,,,Y,Player,
196,hinchbi01,1937,BBWAA,201.0,151.0,1.0,N,Player,
3130,hislela01,1988,BBWAA,427.0,321.0,0.0,N,Player,
2256,hodgegi01,1969,BBWAA,340.0,255.0,82.0,N,Player,
2939,hoernjo01,1983,BBWAA,374.0,281.0,0.0,N,Player,
4092,hoffmtr01,2016,BBWAA,440.0,330.0,296.0,N,Player,
1694,holmeto01,1958,BBWAA,266.0,200.0,2.0,N,Player,
3010,holtzke01,1985,BBWAA,395.0,297.0,4.0,N,Player,
3685,honeyri01,2003,BBWAA,496.0,372.0,2.0,N,Player,
151,hoopeha01,1937,BBWAA,201.0,151.0,6.0,N,Player,
3259,hootobu01,1991,BBWAA,443.0,333.0,1.0,N,Player,
3384,hornebo01,1994,BBWAA,456.0,342.0,0.0,N,Player,
8,hornsro01,1936,BBWAA,226.0,170.0,105.0,N,Player,
3056,hortowi01,1986,BBWAA,425.0,319.0,4.0,N,Player,
3588,houghch01,2000,BBWAA,499.0,375.0,4.0,N,Player,
2043,houttar01,1964,BBWAA,201.0,151.0,2.0,N,Player,
2521,howarel01,1974,BBWAA,365.0,274.0,19.0,N,Player,
2729,howarfr01,1979,BBWAA,432.0,324.0,6.0,N,Player,
3268,howear01,1991,BBWAA,443.0,333.0,0.0,N,Player,
3220,howelro02,1990,BBWAA,444.0,333.0,0.0,N,Player,
437,hoytwa01,1939,BBWAA,274.0,206.0,1.0,N,Player,
3127,hraboal01,1988,BBWAA,427.0,321.0,1.0,N,Player,
3587,hrbekke01,2000,BBWAA,499.0,375.0,5.0,N,Player,
2620,hubbaca99,1976,Veterans,,,,Y,Umpire,
565,hubbeca01,1945,BBWAA,247.0,186.0,24.0,N,Player,
4183,hudsoor01,2018,BBWAA,422.0,317.0,0.0,N,Player,
4184,huffau01,2018,BBWAA,422.0,317.0,0.0,N,Player,
155,huggimi01,1937,BBWAA,201.0,151.0,5.0,N,Manager,
3430,hulbewi99,1995,Veterans,,,,Y,Pioneer/Executive,
2940,hundlra01,1983,BBWAA,374.0,281.0,0.0,N,Player,
2988,hunteca01,1985,BBWAA,395.0,297.0,212.0,N,Player,
2799,huntro01,1980,BBWAA,385.0,289.0,0.0,N,Player,
3592,hurstbr01,2000,BBWAA,499.0,375.0,1.0,N,Player,
1946,hutchfr01,1962,BBWAA,160.0,120.0,1.0,N,Player,
2494,irvinmo01,1973,Negro League,,,,Y,Player,
328,irwinch01,1938,BBWAA,262.0,197.0,1.0,N,Player,
4185,isrinja01,2018,BBWAA,422.0,317.0,0.0,N,Player,
3690,jacksda02,2003,BBWAA,496.0,372.0,0.0,N,Player,
3131,jacksgr01,1988,BBWAA,427.0,321.0,0.0,N,Player,
69,jacksjo01,1936,BBWAA,226.0,170.0,2.0,N,Player,
3910,jacksmi02,2010,BBWAA,539.0,405.0,0.0,N,Player,
3315,jacksre01,1993,BBWAA,423.0,318.0,396.0,Y,Player,
2786,jacksso01,1980,BBWAA,385.0,289.0,1.0,N,Player,
822,jackstr01,1948,BBWAA,121.0,91.0,5.0,N,Player,
3777,jeffegr01,2006,BBWAA,520.0,390.0,2.0,N,Player,
3146,jenkife01,1989,BBWAA,447.0,336.0,234.0,N,Player,
33,jennihu01,1936,Veterans,78.0,59.0,11.0,N,Player,
2174,jenseja01,1967,BBWAA,292.0,219.0,3.0,N,Player,
2895,johnsal01,1982,BBWAA,415.0,312.0,0.0,N,Player,
224,johnsba99,1937,Centennial,,,,Y,Pioneer/Executive,
874,johnsbo01,1948,BBWAA,121.0,91.0,1.0,N,Player,
3943,johnsch04,2011,BBWAA,581.0,436.0,0.0,N,Player,
2974,johnsda02,1984,BBWAA,403.0,303.0,3.0,N,Player,
2896,johnsde01,1982,BBWAA,415.0,312.0,0.0,N,Player,
3629,johnsho01,2001,BBWAA,515.0,387.0,0.0,N,Player,
2585,johnsju99,1975,Negro League,,,,Y,Player,
4054,johnsra05,2015,BBWAA,549.0,412.0,534.0,Y,Player,
4,johnswa01,1936,BBWAA,226.0,170.0,189.0,Y,Player,
3399,johnto01,1995,BBWAA,460.0,345.0,98.0,N,Player,
4174,jonesan01,2018,BBWAA,422.0,317.0,31.0,N,Player,
4156,jonesch06,2018,BBWAA,422.0,317.0,410.0,Y,Player,
2897,jonescl01,1982,BBWAA,415.0,312.0,0.0,N,Player,
3778,jonesdo01,2006,BBWAA,520.0,390.0,2.0,N,Player,
329,jonesfi01,1938,BBWAA,262.0,197.0,1.0,N,Player,
4047,jonesja05,2014,BBWAA,571.0,429.0,1.0,N,Player,
3132,jonesra01,1988,BBWAA,427.0,321.0,0.0,N,Player,
439,jonessa01,1939,BBWAA,274.0,206.0,1.0,N,Player,
4052,jonesto02,2014,BBWAA,571.0,429.0,0.0,N,Player,
3969,jordabr01,2012,BBWAA,573.0,430.0,0.0,N,Player,
1190,jordati01,1951,BBWAA,226.0,170.0,1.0,N,Player,
3260,jorgemi01,1991,BBWAA,443.0,333.0,1.0,N,Player,
141,jossad01,1937,BBWAA,201.0,151.0,11.0,N,Player,
3828,joynewa01,2007,BBWAA,545.0,409.0,0.0,N,Player,
197,judgejo01,1937,BBWAA,201.0,151.0,1.0,N,Player,
980,jurgebi01,1949,BBWAA,153.0,115.0,2.0,N,Player,
3851,justida01,2008,BBWAA,543.0,408.0,1.0,N,Player,
3152,kaatji01,1989,BBWAA,447.0,336.0,87.0,N,Player,
2756,kalinal01,1980,BBWAA,385.0,289.0,340.0,Y,Player,
1686,kammwi01,1958,BBWAA,266.0,200.0,3.0,N,Player,
3902,karroer01,2010,BBWAA,539.0,405.0,2.0,N,Player,
80,keefeti01,1936,Veterans,78.0,59.0,1.0,N,Player,
16,keelewi01,1936,BBWAA,226.0,170.0,40.0,N,Player,
1343,kellech01,1953,BBWAA,264.0,198.0,1.0,N,Player,
440,kellejo01,1939,BBWAA,274.0,206.0,1.0,N,Player,
1992,kellge01,1964,BBWAA,201.0,151.0,33.0,N,Player,
787,kellyge01,1947,BBWAA,161.0,121.0,1.0,N,Player,
29,kellyki01,1936,Veterans,78.0,59.0,15.0,N,Player,
1723,keltnke01,1958,BBWAA,266.0,200.0,1.0,N,Player,
4110,kendaja01,2016,BBWAA,440.0,330.0,2.0,N,Player,
2800,kennejo03,1980,BBWAA,385.0,289.0,0.0,N,Player,
3499,kennete02,1997,BBWAA,473.0,353.0,1.0,N,Player,
4033,kentje01,2014,BBWAA,571.0,429.0,87.0,N,Player,
198,kerrdi01,1937,BBWAA,201.0,151.0,1.0,N,Player,
3014,kessido01,1985,BBWAA,395.0,297.0,2.0,N,Player,
3717,keyji01,2004,BBWAA,506.0,380.0,3.0,N,Player,
3681,kileda01,2003,BBWAA,496.0,372.0,7.0,N,Player,
725,killebi01,1946,Nominating Vote,202.0,,1.0,N,Player,Top 20
2822,killeha01,1981,BBWAA,401.0,301.0,239.0,N,Player,
81,kilroma01,1936,Veterans,78.0,59.0,1.0,N,Player,
2037,kindeel01,1964,BBWAA,201.0,151.0,3.0,N,Player,
1835,kinerra01,1960,BBWAA,269.0,202.0,3.0,N,Player,
3301,kingmda01,1992,BBWAA,430.0,323.0,3.0,N,Player,
3269,kisonbr01,1991,BBWAA,443.0,333.0,0.0,N,Player,
840,kleinch01,1948,BBWAA,121.0,91.0,3.0,N,Player,
1363,klembi99,1953,Veterans,,,,Y,Umpire,
4009,kleskry01,2013,BBWAA,569.0,427.0,0.0,N,Player,
40,klingjo01,1936,BBWAA,226.0,170.0,8.0,N,Player,
2167,kluszte01,1967,BBWAA,292.0,219.0,9.0,N,Player,
441,knabeot01,1939,BBWAA,274.0,206.0,1.0,N,Player,
3463,kneppbo01,1996,BBWAA,470.0,353.0,0.0,N,Player,
3381,knighra01,1994,BBWAA,456.0,342.0,1.0,N,Player,
3852,knoblch01,2008,BBWAA,543.0,408.0,1.0,N,Player,
3066,knowlda01,1986,BBWAA,425.0,319.0,0.0,N,Player,
3255,koosmje01,1991,BBWAA,443.0,333.0,4.0,N,Player,
2801,koscoan01,1980,BBWAA,385.0,289.0,0.0,N,Player,
2397,koufasa01,1972,BBWAA,396.0,297.0,344.0,Y,Player,
3020,kraneed01,1985,BBWAA,395.0,297.0,0.0,N,Player,
2802,krausle02,1980,BBWAA,385.0,289.0,0.0,N,Player,
875,kremera01,1948,BBWAA,121.0,91.0,1.0,N,Player,
1724,kressre01,1958,BBWAA,266.0,200.0,1.0,N,Player,
3627,krukjo01,2001,BBWAA,515.0,387.0,1.0,N,Player,
3421,krukomi01,1995,BBWAA,460.0,345.0,1.0,N,Player,
2637,kuennha01,1977,BBWAA,383.0,288.0,57.0,N,Player,
1570,kuheljo01,1956,BBWAA,193.0,145.0,1.0,N,Player,
3857,kuhnbo99,2008,Veterans,,,,Y,Pioneer/Executive,
2047,kuzavbo01,1964,BBWAA,201.0,151.0,1.0,N,Player,
5,lajoina01,1936,BBWAA,226.0,170.0,146.0,N,Player,
537,landike99,1944,Old Timers,,,,Y,Pioneer/Executive,
44,langebi01,1936,Veterans,78.0,59.0,6.0,N,Player,
3751,langsma01,2005,BBWAA,516.0,387.0,0.0,N,Player,
2736,lanieha01,1979,BBWAA,432.0,324.0,1.0,N,Player,
3908,lankfra01,2010,BBWAA,539.0,405.0,0.0,N,Player,
3526,lansfca01,1998,BBWAA,473.0,355.0,3.0,N,Player,
3889,larkiba01,2010,BBWAA,539.0,405.0,278.0,N,Player,
2518,larsedo01,1974,BBWAA,365.0,274.0,29.0,N,Player,
4016,larusto01,2014,Veterans,,,,Y,Manager,
3502,lasorto01,1997,Veterans,,,,Y,Manager,
82,lathaar01,1936,Veterans,78.0,59.0,1.0,N,Player,
1675,lavagco01,1958,BBWAA,266.0,200.0,4.0,N,Player,
2475,lawve01,1973,BBWAA,380.0,285.0,9.0,N,Player,
612,lazzeto01,1945,BBWAA,247.0,186.0,1.0,N,Player,
1697,leachfr01,1958,BBWAA,266.0,200.0,2.0,N,Player,
199,leachto01,1937,BBWAA,201.0,151.0,1.0,N,Player,
3124,leebi03,1988,BBWAA,427.0,321.0,3.0,N,Player,
4182,leeca01,2018,BBWAA,422.0,317.0,1.0,N,Player,
4149,leede02,2017,BBWAA,442.0,332.0,0.0,N,Player,
200,leevesa01,1937,BBWAA,201.0,151.0,1.0,N,Player,
3559,leibrch01,1999,BBWAA,497.0,373.0,0.0,N,Player,
3935,leiteal01,2011,BBWAA,581.0,436.0,4.0,N,Player,
1999,lemonbo01,1964,BBWAA,201.0,151.0,24.0,N,Player,
3462,lemonch01,1996,BBWAA,470.0,353.0,1.0,N,Player,
2446,leonabu99,1972,Negro League,,,,Y,Player,
3306,leonade01,1992,BBWAA,430.0,323.0,1.0,N,Player,
1848,leonadu02,1960,BBWAA,269.0,202.0,2.0,N,Player,
3464,leonaje01,1996,BBWAA,470.0,353.0,0.0,N,Player,
168,lewisdu01,1937,BBWAA,201.0,151.0,3.0,N,Player,
4186,lidgebr01,2018,BBWAA,422.0,317.0,0.0,N,Player,
999,lindsfr01,1949,BBWAA,153.0,115.0,1.0,N,Player,
2803,linzyfr01,1980,BBWAA,385.0,289.0,0.0,N,Player,
2657,lloydpo99,1977,Negro League,,,,Y,Player,
179,loberha01,1937,BBWAA,201.0,151.0,2.0,N,Player,
2854,lockebo01,1981,BBWAA,401.0,301.0,0.0,N,Player,
2100,lockmwh01,1966,BBWAA,302.0,227.0,4.0,N,Player,
4049,loducpa01,2014,BBWAA,571.0,429.0,0.0,N,Player,
3994,loftoke01,2013,BBWAA,569.0,427.0,18.0,N,Player,
2996,lolicmi01,1985,BBWAA,395.0,297.0,78.0,N,Player,
1066,lombaer01,1950,BBWAA,168.0,126.0,3.0,N,Player,
3012,lonboji01,1985,BBWAA,395.0,297.0,3.0,N,Player,
30,longhe01,1936,Veterans,78.0,59.0,15.0,N,Player,
2239,lopated01,1968,BBWAA,283.0,213.0,2.0,N,Player,
3340,lopesda01,1993,BBWAA,423.0,318.0,2.0,N,Player,
1000,lopezal01,1949,BBWAA,153.0,115.0,1.0,N,Player,
3966,lopezja01,2012,BBWAA,573.0,430.0,1.0,N,Player,
83,lowebo01,1936,Veterans,78.0,59.0,1.0,N,Player,
4119,lowelmi01,2016,BBWAA,440.0,330.0,0.0,N,Player,
3261,lowenjo01,1991,BBWAA,443.0,333.0,1.0,N,Player,
981,lucasre01,1949,BBWAA,153.0,115.0,2.0,N,Player,
202,luquedo01,1937,BBWAA,201.0,151.0,1.0,N,Player,
3216,luzingr01,1990,BBWAA,444.0,333.0,1.0,N,Player,
3114,lylesp01,1988,BBWAA,427.0,321.0,56.0,N,Player,
3453,lynnfr01,1996,BBWAA,470.0,353.0,26.0,N,Player,
580,lyonste01,1945,BBWAA,247.0,186.0,4.0,N,Player,
100,mackco01,1936,BBWAA,226.0,170.0,1.0,N,Player,
3787,mackebi99,2006,Negro League,,,,Y,Player,
2699,macphla99,1978,Veterans,,,,Y,Pioneer/Executive,
3532,macphle99,1998,Veterans,,,,Y,Pioneer/Executive,
3309,maddoga01,1992,BBWAA,430.0,323.0,0.0,N,Player,
4018,maddugr01,2014,BBWAA,571.0,429.0,555.0,Y,Player,
3336,madlobi01,1993,BBWAA,423.0,318.0,19.0,N,Player,
180,mageesh01,1937,BBWAA,201.0,151.0,2.0,N,Player,
2012,maglisa01,1964,BBWAA,201.0,151.0,13.0,N,Player,
2692,malonji01,1978,BBWAA,379.0,285.0,2.0,N,Player,
1726,mancugu01,1958,BBWAA,266.0,200.0,1.0,N,Player,
3788,manleef99,2006,Negro League,,,,Y,Pioneer/Executive,
2497,mantlmi01,1974,BBWAA,365.0,274.0,322.0,Y,Player,
876,manushe01,1948,BBWAA,121.0,91.0,1.0,N,Player,
126,maranra01,1937,BBWAA,201.0,151.0,25.0,N,Player,
334,marbefi01,1938,BBWAA,262.0,197.0,1.0,N,Player,
2824,maricju01,1981,BBWAA,401.0,301.0,233.0,N,Player,
1573,marioma01,1956,BBWAA,193.0,145.0,1.0,N,Player,
2512,marisro01,1974,BBWAA,365.0,274.0,78.0,N,Player,
101,marquru01,1936,BBWAA,226.0,170.0,1.0,N,Player,
3093,marshmi01,1987,BBWAA,413.0,310.0,6.0,N,Player,
2188,martibi02,1967,BBWAA,292.0,219.0,1.0,N,Player,
3714,martide01,2004,BBWAA,506.0,380.0,16.0,N,Player,
3891,martied01,2010,BBWAA,539.0,405.0,195.0,N,Player,
2105,martimo01,1966,BBWAA,302.0,227.0,2.0,N,Player,
507,martipe01,1942,BBWAA,233.0,175.0,2.0,N,Player,
4055,martipe02,2015,BBWAA,549.0,412.0,500.0,Y,Player,
3933,martiti02,2011,BBWAA,581.0,436.0,6.0,N,Player,
3,mathech01,1936,BBWAA,226.0,170.0,205.0,Y,Player,
2505,matheed01,1974,BBWAA,365.0,274.0,118.0,N,Player,
3178,matlajo01,1989,BBWAA,447.0,336.0,0.0,N,Player,
4178,matsuhi01,2018,BBWAA,422.0,317.0,4.0,N,Player,
3345,matthga01,1993,BBWAA,423.0,318.0,0.0,N,Player,
3607,mattido01,2001,BBWAA,515.0,387.0,145.0,N,Player,
2855,maxvida01,1981,BBWAA,401.0,301.0,0.0,N,Player,
3133,maybejo01,1988,BBWAA,427.0,321.0,0.0,N,Player,
2941,mayca01,1983,BBWAA,374.0,281.0,0.0,N,Player,
2746,mayje01,1979,BBWAA,432.0,324.0,0.0,N,Player,
3125,mayle01,1988,BBWAA,427.0,321.0,3.0,N,Player,
3179,mayru01,1989,BBWAA,447.0,336.0,0.0,N,Player,
1659,maysca01,1958,BBWAA,266.0,200.0,6.0,N,Player,
2700,mayswi01,1979,BBWAA,432.0,324.0,409.0,Y,Player,
2683,mazerbi01,1978,BBWAA,379.0,285.0,23.0,N,Player,
84,mcaleji01,1936,Veterans,78.0,59.0,1.0,N,Player,
2856,mcauldi01,1981,BBWAA,401.0,301.0,0.0,N,Player,
3180,mcbriba01,1989,BBWAA,447.0,336.0,0.0,N,Player,
408,mccarjo99,1939,BBWAA,274.0,206.0,3.0,N,Manager,
3050,mccarti01,1986,BBWAA,425.0,319.0,16.0,N,Player,
85,mccarto01,1936,Veterans,78.0,59.0,1.0,N,Player,
1534,mccorfr01,1956,BBWAA,193.0,145.0,3.0,N,Player,
3026,mccovwi01,1986,BBWAA,425.0,319.0,346.0,Y,Player,
2848,mcdanli01,1981,BBWAA,401.0,301.0,1.0,N,Player,
2098,mcdougi01,1966,BBWAA,302.0,227.0,5.0,N,Player,
3745,mcdowja01,2005,BBWAA,516.0,387.0,4.0,N,Player,
2857,mcdowsa01,1981,BBWAA,401.0,301.0,0.0,N,Player,
3742,mcgeewi01,2005,BBWAA,516.0,387.0,26.0,N,Player,
140,mcginjo01,1937,BBWAA,201.0,151.0,12.0,N,Player,
3134,mcgloly01,1988,BBWAA,427.0,321.0,0.0,N,Player,
3313,mcgowbi99,1992,Veterans,,,,Y,Umpire,
25,mcgrajo01,1936,Veterans,78.0,59.0,17.0,N,Player,
3209,mcgratu01,1990,BBWAA,444.0,333.0,6.0,N,Player,
3385,mcgresc01,1994,BBWAA,456.0,342.0,0.0,N,Player,
3895,mcgrifr01,2010,BBWAA,539.0,405.0,116.0,N,Player,
3807,mcgwima01,2007,BBWAA,545.0,409.0,128.0,N,Player,
203,mcinnst01,1937,BBWAA,201.0,151.0,1.0,N,Player,
591,mckecbi01,1945,BBWAA,247.0,186.0,2.0,N,Manager,
2694,mclaide01,1978,BBWAA,379.0,285.0,1.0,N,Player,
204,mcleala01,1937,BBWAA,201.0,151.0,1.0,N,Player,
2787,mcmahdo02,1980,BBWAA,385.0,289.0,1.0,N,Player,
1699,mcmanma01,1958,BBWAA,266.0,200.0,2.0,N,Player,
2425,mcmilro01,1972,BBWAA,396.0,297.0,9.0,N,Player,
2942,mcmulke01,1983,BBWAA,374.0,281.0,0.0,N,Player,
2843,mcnalda01,1981,BBWAA,401.0,301.0,5.0,N,Player,
3597,mcphebi01,2000,Veterans,,,,Y,Player,
3346,mcraeha01,1993,BBWAA,423.0,318.0,0.0,N,Player,
86,mcveyca01,1936,Veterans,78.0,59.0,1.0,N,Player,
1700,meadole01,1958,BBWAA,266.0,200.0,2.0,N,Player,
3135,medicdo01,1988,BBWAA,427.0,321.0,0.0,N,Player,
877,medwijo01,1948,BBWAA,121.0,91.0,1.0,N,Player,
2943,meltobi01,1983,BBWAA,374.0,281.0,0.0,N,Player,
3789,mendejo99,2006,Negro League,,,,Y,Player,
2804,menkede01,1980,BBWAA,385.0,289.0,0.0,N,Player,
4003,mesajo01,2013,BBWAA,569.0,427.0,0.0,N,Player,
3013,messean01,1985,BBWAA,395.0,297.0,3.0,N,Player,
205,meusebo01,1937,BBWAA,201.0,151.0,1.0,N,Player,
2048,miksied01,1964,BBWAA,201.0,151.0,1.0,N,Player,
336,milancl01,1938,BBWAA,262.0,197.0,1.0,N,Player,
2934,millafe01,1983,BBWAA,374.0,281.0,1.0,N,Player,
1727,millebi02,1958,BBWAA,266.0,200.0,1.0,N,Player,
2805,millebo04,1980,BBWAA,385.0,289.0,0.0,N,Player,
878,milledo02,1948,BBWAA,121.0,91.0,1.0,N,Player,
206,milleha01,1937,BBWAA,201.0,151.0,1.0,N,Player,
2806,milleno01,1980,BBWAA,385.0,289.0,0.0,N,Player,
4187,millwke01,2018,BBWAA,422.0,317.0,0.0,N,Player,
3136,milnejo01,1988,BBWAA,427.0,321.0,0.0,N,Player,
2277,minosmi01,1969,BBWAA,340.0,255.0,6.0,N,Player,
3719,mitchke01,2004,BBWAA,506.0,380.0,2.0,N,Player,
1760,mizejo01,1960,BBWAA,269.0,202.0,45.0,N,Player,
3694,molitpa01,2004,BBWAA,506.0,380.0,431.0,Y,Player,
3212,mondari01,1990,BBWAA,444.0,333.0,2.0,N,Player,
3944,mondera01,2011,BBWAA,581.0,436.0,0.0,N,Player,
3170,moneydo01,1989,BBWAA,447.0,336.0,1.0,N,Player,
3137,montawi01,1988,BBWAA,427.0,321.0,0.0,N,Player,
3748,montgje01,2005,BBWAA,516.0,387.0,2.0,N,Player,
2384,moonwa01,1971,BBWAA,360.0,270.0,2.0,N,Player,
1101,moorejo02,1950,BBWAA,168.0,126.0,1.0,N,Player,
1102,moorete01,1950,BBWAA,168.0,126.0,1.0,N,Player,
3221,moraljo01,1990,BBWAA,444.0,333.0,0.0,N,Player,
4150,morame01,2017,BBWAA,442.0,332.0,0.0,N,Player,
207,moranpa01,1937,BBWAA,201.0,151.0,1.0,N,Player,
3186,morgajo02,1990,BBWAA,444.0,333.0,363.0,Y,Player,
3773,morriha02,2006,BBWAA,520.0,390.0,5.0,N,Player,
3576,morrija02,2000,BBWAA,499.0,375.0,111.0,N,Player,
1728,moseswa01,1958,BBWAA,266.0,200.0,1.0,N,Player,
1575,mostijo01,1956,BBWAA,193.0,145.0,1.0,N,Player,
3122,motama01,1988,BBWAA,427.0,321.0,18.0,N,Player,
4175,moyerja01,2018,BBWAA,422.0,317.0,10.0,N,Player,
3964,muellbi02,2012,BBWAA,573.0,430.0,4.0,N,Player,
879,mulcahu01,1948,BBWAA,121.0,91.0,1.0,N,Player,
3972,mulhote01,2012,BBWAA,573.0,430.0,0.0,N,Player,
619,mungova01,1945,BBWAA,247.0,186.0,1.0,N,Player,
2834,munsoth01,1981,BBWAA,401.0,301.0,62.0,N,Player,
3169,murcebo01,1989,BBWAA,447.0,336.0,3.0,N,Player,
208,murphda02,1937,BBWAA,201.0,151.0,1.0,N,Player,
3544,murphda05,1999,BBWAA,497.0,373.0,96.0,N,Player,
3661,murraed02,2003,BBWAA,496.0,372.0,423.0,Y,Player,
209,murrare01,1937,BBWAA,201.0,151.0,1.0,N,Player,
2807,murreiv01,1980,BBWAA,385.0,289.0,0.0,N,Player,
2244,musiast01,1969,BBWAA,340.0,255.0,317.0,Y,Player,
4032,mussimi01,2014,BBWAA,571.0,429.0,116.0,N,Player,
1002,myerbu01,1949,BBWAA,153.0,115.0,1.0,N,Player,
3722,myersra01,2004,BBWAA,506.0,380.0,1.0,N,Player,
169,nehfar01,1937,BBWAA,201.0,151.0,3.0,N,Player,
3848,nenro01,2008,BBWAA,543.0,408.0,2.0,N,Player,
3365,nettlgr01,1994,BBWAA,456.0,342.0,38.0,N,Player,
3968,nevinph01,2012,BBWAA,573.0,430.0,0.0,N,Player,
2095,newcodo01,1966,BBWAA,302.0,227.0,7.0,N,Player,
1925,newhoha01,1962,BBWAA,160.0,120.0,4.0,N,Player,
1819,newsobo01,1960,BBWAA,269.0,202.0,6.0,N,Player,
1873,nichobi01,1960,BBWAA,269.0,202.0,1.0,N,Player,
60,nichoki01,1936,Veterans,78.0,59.0,3.0,N,Player,
3377,niekrjo01,1994,BBWAA,456.0,342.0,6.0,N,Player,
3316,niekrph01,1993,BBWAA,423.0,318.0,278.0,N,Player,
3752,nixonot01,2005,BBWAA,516.0,387.0,0.0,N,Player,
2944,nolanga01,1983,BBWAA,374.0,281.0,0.0,N,Player,
4041,nomohi01,2014,BBWAA,571.0,429.0,6.0,N,Player,
2849,northji01,1981,BBWAA,401.0,301.0,1.0,N,Player,
2049,northro01,1964,BBWAA,201.0,151.0,1.0,N,Player,
4013,odayha01,2013,Veterans,,,,Y,Umpire,
831,odoulle01,1948,BBWAA,121.0,91.0,4.0,N,Player,
881,oeschjo01,1948,BBWAA,121.0,91.0,1.0,N,Player,
1061,ofarrbo01,1950,BBWAA,168.0,126.0,4.0,N,Player,
3310,oglivbe01,1992,BBWAA,430.0,323.0,0.0,N,Player,
1350,olearch01,1953,BBWAA,264.0,198.0,1.0,N,Player,
3936,olerujo01,2011,BBWAA,581.0,436.0,4.0,N,Player,
2875,olivato01,1982,BBWAA,415.0,312.0,63.0,N,Player,
3252,oliveal01,1991,BBWAA,443.0,333.0,19.0,N,Player,
3858,omallwa99,2008,Veterans,,,,Y,Pioneer/Executive,
3818,oneilpa01,2007,BBWAA,545.0,409.0,12.0,N,Player,
855,oneilst01,1948,BBWAA,121.0,91.0,2.0,N,Player,
4139,ordonma01,2017,BBWAA,442.0,332.0,3.0,N,Player,
3880,oroscje01,2009,BBWAA,539.0,405.0,1.0,N,Player,
641,orourji01,1945,Old Timers,,,,Y,Player,
2844,osteecl01,1981,BBWAA,401.0,301.0,2.0,N,Player,
3222,otisam01,1990,BBWAA,444.0,333.0,0.0,N,Player,
897,ottme01,1949,Run Off,187.0,,128.0,N,Player,1st
87,paborch01,1936,Veterans,78.0,59.0,1.0,N,Player,
2106,pafkoan01,1966,BBWAA,302.0,227.0,2.0,N,Player,
2747,paganjo01,1979,BBWAA,432.0,324.0,0.0,N,Player,
1193,paigesa01,1951,BBWAA,226.0,170.0,1.0,N,Player,
3185,palmeji01,1990,BBWAA,444.0,333.0,411.0,Y,Player,
3928,palmera01,2011,BBWAA,581.0,436.0,64.0,N,Player,
2731,pappami01,1979,BBWAA,432.0,324.0,5.0,N,Player,
3482,parkeda01,1997,BBWAA,473.0,353.0,83.0,N,Player,
3380,parrila01,1994,BBWAA,456.0,342.0,2.0,N,Player,
3620,parrila02,2001,BBWAA,515.0,387.0,9.0,N,Player,
2654,pascuca02,1977,BBWAA,383.0,288.0,3.0,N,Player,
210,paskedo01,1937,BBWAA,201.0,151.0,1.0,N,Player,
1731,pearsmo01,1958,BBWAA,266.0,200.0,1.0,N,Player,
170,peckiro01,1937,BBWAA,201.0,151.0,3.0,N,Player,
449,peitzhe01,1939,BBWAA,274.0,206.0,1.0,N,Player,
3686,penato01,2003,BBWAA,496.0,372.0,2.0,N,Player,
3723,pendlte01,2004,BBWAA,506.0,380.0,1.0,N,Player,
135,pennohe01,1937,BBWAA,201.0,151.0,15.0,N,Player,
2748,pepitjo01,1979,BBWAA,432.0,324.0,0.0,N,Player,
4077,percitr01,2015,BBWAA,549.0,412.0,4.0,N,Player,
339,perduhu01,1938,BBWAA,262.0,197.0,1.0,N,Player,
3279,perezto01,1992,BBWAA,430.0,323.0,215.0,N,Player,
1702,perkicy01,1958,BBWAA,266.0,200.0,2.0,N,Player,
2730,perraro01,1979,BBWAA,432.0,324.0,6.0,N,Player,
3144,perryga01,1989,BBWAA,447.0,336.0,304.0,N,Player,
2842,perryji01,1981,BBWAA,401.0,301.0,6.0,N,Player,
1875,peskyjo01,1960,BBWAA,269.0,202.0,1.0,N,Player,
2888,petrori01,1982,BBWAA,415.0,312.0,3.0,N,Player,
451,phillde01,1939,BBWAA,274.0,206.0,1.0,N,Player,
3749,phillto02,2005,BBWAA,516.0,387.0,1.0,N,Player,
3978,piazzmi01,2013,BBWAA,569.0,427.0,329.0,N,Player,
2327,piercbi02,1970,BBWAA,300.0,225.0,5.0,N,Player,
88,pikeli01,1936,Veterans,78.0,59.0,1.0,N,Player,
3213,pinielo01,1990,BBWAA,444.0,333.0,2.0,N,Player,
2841,pinsova01,1981,BBWAA,401.0,301.0,18.0,N,Player,
1732,pippwa01,1958,BBWAA,266.0,200.0,1.0,N,Player,
2808,pizarju01,1980,BBWAA,385.0,289.0,0.0,N,Player,
128,planked01,1937,BBWAA,201.0,151.0,23.0,N,Player,
3882,plesada01,2009,BBWAA,539.0,405.0,0.0,N,Player,
2579,podrejo01,1975,BBWAA,362.0,272.0,3.0,N,Player,
3790,pompeal99,2006,Negro League,,,,Y,Pioneer/Executive,
2112,portebo01,1966,BBWAA,302.0,227.0,1.0,N,Player,
3347,porteda02,1993,BBWAA,423.0,318.0,0.0,N,Player,
4138,posadjo01,2017,BBWAA,442.0,332.0,17.0,N,Player,
3791,poseycu99,2006,Negro League,,,,Y,Pioneer/Executive,
2930,powelbo01,1983,BBWAA,374.0,281.0,5.0,N,Player,
2385,powervi01,1971,BBWAA,360.0,270.0,2.0,N,Player,
1005,pruethu01,1949,BBWAA,153.0,115.0,1.0,N,Player,
3600,puckeki01,2001,BBWAA,515.0,387.0,423.0,Y,Player,
3500,puhlte01,1997,BBWAA,473.0,353.0,1.0,N,Player,
856,quinnja01,1948,BBWAA,121.0,91.0,2.0,N,Player,
3457,quiseda01,1996,BBWAA,470.0,353.0,18.0,N,Player,
27,radboch01,1936,Veterans,78.0,59.0,16.0,N,Player,
2945,raderdo02,1983,BBWAA,374.0,281.0,0.0,N,Player,
3965,radkebr01,2012,BBWAA,573.0,430.0,2.0,N,Player,
3838,raineti01,2008,BBWAA,543.0,408.0,132.0,N,Player,
4131,ramirma02,2017,BBWAA,442.0,332.0,105.0,N,Player,
2697,ramospe01,1978,BBWAA,379.0,285.0,0.0,N,Player,
3525,randowi01,1998,BBWAA,473.0,355.0,5.0,N,Player,
1952,raschvi01,1962,BBWAA,160.0,120.0,1.0,N,Player,
2809,rayji01,1980,BBWAA,385.0,289.0,0.0,N,Player,
3465,rayjo01,1996,BBWAA,470.0,353.0,0.0,N,Player,
211,raymobu01,1937,BBWAA,201.0,151.0,1.0,N,Player,
3583,reardje01,2000,BBWAA,499.0,375.0,24.0,N,Player,
1977,reesepe01,1964,BBWAA,201.0,151.0,73.0,N,Player,
2749,reeseri01,1979,BBWAA,432.0,324.0,0.0,N,Player,
2810,reichri01,1980,BBWAA,385.0,289.0,0.0,N,Player,
1660,reisepe01,1958,BBWAA,266.0,200.0,6.0,N,Player,
89,remseja01,1936,Veterans,78.0,59.0,1.0,N,Player,
3217,remyje01,1990,BBWAA,444.0,333.0,1.0,N,Player,
4140,renteed01,2017,BBWAA,442.0,332.0,2.0,N,Player,
3496,reuscri01,1997,BBWAA,473.0,353.0,2.0,N,Player,
3460,reussje01,1996,BBWAA,470.0,353.0,2.0,N,Player,
1577,reynoal01,1956,BBWAA,193.0,145.0,1.0,N,Player,
3907,reynosh01,2010,BBWAA,539.0,405.0,0.0,N,Player,
4151,rhodear01,2017,BBWAA,442.0,332.0,0.0,N,Player,
3426,rhoderi01,1995,BBWAA,460.0,345.0,0.0,N,Player,
2107,ricede01,1966,BBWAA,302.0,227.0,2.0,N,Player,
3396,riceji01,1995,BBWAA,460.0,345.0,137.0,N,Player,
340,ricesa01,1938,BBWAA,262.0,197.0,1.0,N,Player,
2428,richabo01,1972,BBWAA,396.0,297.0,8.0,N,Player,
90,richaha01,1936,Veterans,78.0,59.0,1.0,N,Player,
3054,richajr01,1986,BBWAA,425.0,319.0,7.0,N,Player,
2811,richepe01,1980,BBWAA,385.0,289.0,0.0,N,Player,
106,richmle01,1936,Veterans,78.0,59.0,0.0,N,Player,
503,rickebr01,1942,BBWAA,233.0,175.0,3.0,N,Pioneer/Executive,
3622,righeda01,2001,BBWAA,515.0,387.0,2.0,N,Player,
3628,rijojo01,2001,BBWAA,515.0,387.0,1.0,N,Player,
1006,ringji01,1949,BBWAA,153.0,115.0,1.0,N,Player,
3799,ripkeca01,2007,BBWAA,545.0,409.0,537.0,Y,Player,
621,ritchcl01,1945,BBWAA,247.0,186.0,1.0,N,Player,
3214,rivermi01,1990,BBWAA,444.0,333.0,2.0,N,Player,
212,rixeyep01,1937,BBWAA,201.0,151.0,1.0,N,Player,
1578,rizzuph01,1956,BBWAA,193.0,145.0,1.0,N,Player,
1352,roberda01,1953,BBWAA,264.0,198.0,1.0,N,Player,
2452,roberro01,1973,BBWAA,380.0,285.0,213.0,N,Player,
3181,robinbi02,1989,BBWAA,447.0,336.0,0.0,N,Player,
2904,robinbr01,1983,BBWAA,374.0,281.0,344.0,Y,Player,
2861,robinfr02,1982,BBWAA,415.0,312.0,370.0,Y,Player,
1885,robinja02,1962,BBWAA,160.0,120.0,124.0,Y,Player,
45,robinwi01,1936,Veterans,78.0,59.0,6.0,N,Player,
4122,rodriiv01,2017,BBWAA,442.0,332.0,336.0,Y,Player,
1876,roepr01,1960,BBWAA,269.0,202.0,1.0,N,Player,
3533,roganbu99,1998,Veterans,,,,Y,Player,
4046,rogerke01,2014,BBWAA,571.0,429.0,1.0,N,Player,
3270,rogerst01,1991,BBWAA,443.0,333.0,0.0,N,Player,
2946,rojasco01,1983,BBWAA,374.0,281.0,0.0,N,Player,
4172,rolensc01,2018,BBWAA,422.0,317.0,43.0,N,Player,
1051,rolfere01,1950,BBWAA,168.0,126.0,7.0,N,Player,
841,rommeed01,1948,BBWAA,121.0,91.0,3.0,N,Player,
623,rootch01,1945,BBWAA,247.0,186.0,1.0,N,Player,
3292,rosepe01,1992,BBWAA,430.0,323.0,41.0,N,Player,
70,roushed01,1936,BBWAA,226.0,170.0,2.0,N,Player,
1639,rowesc01,1958,BBWAA,266.0,200.0,12.0,N,Player,
102,ruckena01,1936,BBWAA,226.0,170.0,1.0,N,Player,
3138,rudijo01,1988,BBWAA,427.0,321.0,0.0,N,Player,
213,rudoldi01,1937,BBWAA,201.0,151.0,1.0,N,Player,
732,ruelmu01,1946,Nominating Vote,202.0,,1.0,N,Player,Top 20
3945,rueteki01,2011,BBWAA,581.0,436.0,0.0,N,Player,
832,ruffire01,1948,BBWAA,121.0,91.0,4.0,N,Player,
4012,ruperja99,2013,Veterans,,,,Y,Pioneer/Executive,
34,rusieam01,1936,Veterans,78.0,59.0,11.0,N,Player,
3302,russebi01,1992,BBWAA,430.0,323.0,3.0,N,Player,
3658,russeje01,2002,BBWAA,472.0,354.0,0.0,N,Player,
1,ruthba01,1936,BBWAA,226.0,170.0,215.0,Y,Player,
2812,ryanmi02,1980,BBWAA,385.0,289.0,0.0,N,Player,
3534,ryanno01,1999,BBWAA,497.0,373.0,491.0,Y,Player,
3819,saberbr01,2007,BBWAA,545.0,409.0,7.0,N,Player,
2931,sadecra01,1983,BBWAA,374.0,281.0,2.0,N,Player,
1955,sainjo01,1962,BBWAA,160.0,120.0,1.0,N,Player,
3963,salmoti01,2012,BBWAA,573.0,430.0,5.0,N,Player,
3720,samueju01,2004,BBWAA,506.0,380.0,2.0,N,Player,
4152,sanchfr01,2017,BBWAA,442.0,332.0,0.0,N,Player,
3666,sandbry01,2003,BBWAA,496.0,372.0,244.0,N,Player,
4005,sandere02,2013,BBWAA,569.0,427.0,0.0,N,Player,
3659,sandesc02,2002,BBWAA,472.0,354.0,0.0,N,Player,
3060,sanguma01,1986,BBWAA,425.0,319.0,2.0,N,Player,
4176,santajo01,2018,BBWAA,422.0,317.0,10.0,N,Player,
3939,santibe01,2011,BBWAA,581.0,436.0,1.0,N,Player,
3792,santolo99,2006,Negro League,,,,Y,Player,
2779,santoro01,1980,BBWAA,385.0,289.0,15.0,N,Player,
2101,sauerha01,1966,BBWAA,302.0,227.0,4.0,N,Player,
3590,saxst01,2000,BBWAA,499.0,375.0,2.0,N,Player,
2813,schaapa01,1980,BBWAA,385.0,289.0,0.0,N,Player,
452,schacal01,1939,BBWAA,274.0,206.0,1.0,N,Player,
530,schaege01,1942,BBWAA,233.0,175.0,1.0,N,Player,
55,schalra01,1936,BBWAA,226.0,170.0,4.0,N,Player,
883,schanwa01,1948,BBWAA,121.0,91.0,1.0,N,Player,
3981,schilcu01,2013,BBWAA,569.0,427.0,221.0,N,Player,
4085,schmija01,2015,BBWAA,549.0,412.0,0.0,N,Player,
3389,schmimi01,1995,BBWAA,460.0,345.0,444.0,Y,Player,
2259,schoere01,1969,BBWAA,340.0,255.0,65.0,N,Player,
181,schreos01,1937,BBWAA,201.0,151.0,2.0,N,Player,
215,schulfr01,1937,BBWAA,201.0,151.0,1.0,N,Player,
884,schumha02,1948,BBWAA,121.0,91.0,1.0,N,Player,
4155,schurjo99,2017,Veterans,,,,Y,Pioneer/Executive,
182,scottev01,1937,BBWAA,201.0,151.0,2.0,N,Player,
3021,scottge02,1985,BBWAA,395.0,297.0,0.0,N,Player,
1734,scottja01,1958,BBWAA,266.0,200.0,1.0,N,Player,
3497,scottmi03,1997,BBWAA,473.0,353.0,2.0,N,Player,
3223,scottto01,1990,BBWAA,444.0,333.0,0.0,N,Player,
3276,seaveto01,1992,BBWAA,430.0,323.0,425.0,Y,Player,
3906,seguida01,2010,BBWAA,539.0,405.0,1.0,N,Player,
2947,seguidi01,1983,BBWAA,374.0,281.0,0.0,N,Player,
4000,seleaa01,2013,BBWAA,569.0,427.0,1.0,N,Player,
3564,seleefr99,1999,Veterans,,,,Y,Manager,
4154,seligbu99,2017,Veterans,,,,Y,Pioneer/Executive,
885,selkige01,1948,BBWAA,121.0,91.0,1.0,N,Player,
2814,selmadi01,1980,BBWAA,385.0,289.0,0.0,N,Player,
886,severha01,1948,BBWAA,121.0,91.0,1.0,N,Player,
216,seweljo01,1937,BBWAA,201.0,151.0,1.0,N,Player,
888,sewellu01,1948,BBWAA,121.0,91.0,1.0,N,Player,
1736,sewelri01,1958,BBWAA,266.0,200.0,1.0,N,Player,
4050,sexsori01,2014,BBWAA,571.0,429.0,0.0,N,Player,
625,seymocy01,1945,BBWAA,247.0,186.0,1.0,N,Player,
2323,shantbo01,1970,BBWAA,300.0,225.0,7.0,N,Player,
341,sheckji01,1938,BBWAA,262.0,197.0,1.0,N,Player,
4071,sheffga01,2015,BBWAA,549.0,412.0,64.0,N,Player,
889,sherdbi01,1948,BBWAA,121.0,91.0,1.0,N,Player,
342,shockur01,1938,BBWAA,262.0,197.0,1.0,N,Player,
2737,shortch02,1979,BBWAA,432.0,324.0,1.0,N,Player,
2850,siebeso01,1981,BBWAA,401.0,301.0,1.0,N,Player,
3970,sierrru01,2012,BBWAA,573.0,430.0,0.0,N,Player,
2378,sievero01,1971,BBWAA,360.0,270.0,4.0,N,Player,
56,simmoal01,1936,BBWAA,226.0,170.0,4.0,N,Player,
2482,simmocu01,1973,BBWAA,380.0,285.0,5.0,N,Player,
3373,simmote01,1994,BBWAA,456.0,342.0,17.0,N,Player,
2815,simsdu01,1980,BBWAA,385.0,289.0,0.0,N,Player,
2948,singebi01,1983,BBWAA,374.0,281.0,0.0,N,Player,
3224,singlke01,1990,BBWAA,444.0,333.0,0.0,N,Player,
10,sislege01,1936,BBWAA,226.0,170.0,77.0,N,Player,
1877,sistisi01,1960,BBWAA,269.0,202.0,1.0,N,Player,
2070,slaugen01,1966,BBWAA,302.0,227.0,100.0,N,Player,
2051,smallro01,1964,BBWAA,201.0,151.0,1.0,N,Player,
891,smithea02,1948,BBWAA,121.0,91.0,1.0,N,Player,
3632,smithhi99,2001,Veterans,,,,Y,Player,
3667,smithle02,2003,BBWAA,496.0,372.0,210.0,N,Player,
3593,smithlo01,2000,BBWAA,499.0,375.0,1.0,N,Player,
3633,smithoz01,2002,BBWAA,472.0,354.0,433.0,Y,Player,
3126,smithre06,1988,BBWAA,427.0,321.0,3.0,N,Player,
892,smithsh01,1948,BBWAA,121.0,91.0,1.0,N,Player,
4056,smoltjo01,2015,BBWAA,549.0,412.0,455.0,Y,Player,
2312,snidedu01,1970,BBWAA,300.0,225.0,51.0,N,Player,
4044,snowjt01,2014,BBWAA,571.0,429.0,2.0,N,Player,
3991,sosasa01,2013,BBWAA,569.0,427.0,71.0,N,Player,
3386,sotoma01,1994,BBWAA,456.0,342.0,0.0,N,Player,
627,southbi01,1945,BBWAA,247.0,186.0,1.0,N,Player,
1737,spahnwa01,1958,BBWAA,266.0,200.0,1.0,N,Player,
53,spaldal01,1936,Veterans,78.0,59.0,4.0,N,Player,
736,sparktu01,1946,Nominating Vote,202.0,,1.0,N,Player,Top 20
6,speaktr01,1936,BBWAA,226.0,170.0,133.0,N,Player,
3422,speiech01,1995,BBWAA,460.0,345.0,1.0,N,Player,
3139,spencji01,1988,BBWAA,427.0,321.0,0.0,N,Player,
3225,splitpa01,1990,BBWAA,444.0,333.0,0.0,N,Player,
343,stahlja01,1938,BBWAA,262.0,197.0,1.0,N,Player,
2750,stahlla01,1979,BBWAA,432.0,324.0,0.0,N,Player,
4153,stairma01,2017,BBWAA,442.0,332.0,0.0,N,Player,
1840,stanked01,1960,BBWAA,269.0,202.0,3.0,N,Player,
2975,stanlmi01,1984,BBWAA,403.0,303.0,2.0,N,Player,
4004,stantmi01,2013,BBWAA,569.0,427.0,0.0,N,Player,
3098,stargwi01,1988,BBWAA,427.0,321.0,352.0,Y,Player,
3250,staubru01,1991,BBWAA,443.0,333.0,28.0,N,Player,
3226,stearjo01,1990,BBWAA,444.0,333.0,0.0,N,Player,
3598,steartu99,2000,Veterans,,,,Y,Player,
217,steinha01,1937,BBWAA,201.0,151.0,1.0,N,Player,
3750,steinte01,2005,BBWAA,516.0,387.0,1.0,N,Player,
306,stengca01,1938,BBWAA,262.0,197.0,2.0,N,Manager,
2751,stephjo03,1979,BBWAA,432.0,324.0,0.0,N,Player,
1551,stephri01,1956,BBWAA,193.0,145.0,2.0,N,Player,
3616,stewada01,2001,BBWAA,515.0,387.0,38.0,N,Player,
2752,stewaji01,1979,BBWAA,432.0,324.0,0.0,N,Player,
3715,stiebda01,2004,BBWAA,506.0,380.0,7.0,N,Player,
3096,stonest01,1987,BBWAA,413.0,310.0,0.0,N,Player,
2783,stottme01,1980,BBWAA,385.0,289.0,3.0,N,Player,
3853,stottto01,2008,BBWAA,543.0,408.0,1.0,N,Player,
46,stoveha01,1936,Veterans,78.0,59.0,6.0,N,Player,
3744,strawda01,2005,BBWAA,516.0,387.0,6.0,N,Player,
218,streega01,1937,BBWAA,201.0,151.0,1.0,N,Player,
1584,suhrgu01,1956,BBWAA,193.0,145.0,1.0,N,Player,
1740,sukefcl01,1958,BBWAA,266.0,200.0,1.0,N,Player,
109,sullibi03,1936,BBWAA,226.0,170.0,0.0,N,Player,
3227,summech01,1990,BBWAA,444.0,333.0,0.0,N,Player,
3423,sundbji01,1995,BBWAA,460.0,345.0,1.0,N,Player,
3937,surhobj01,2011,BBWAA,581.0,436.0,2.0,N,Player,
3586,sutclri01,2000,BBWAA,499.0,375.0,9.0,N,Player,
3356,suttebr01,1994,BBWAA,456.0,342.0,109.0,N,Player,
3793,suttlmu99,2006,Negro League,,,,Y,Player,
3352,suttodo01,1994,BBWAA,456.0,342.0,259.0,N,Player,
628,sweenbi02,1945,BBWAA,247.0,186.0,1.0,N,Player,
4109,sweenmi01,2016,BBWAA,440.0,330.0,3.0,N,Player,
3560,tananfr01,1999,BBWAA,497.0,373.0,0.0,N,Player,
629,tanneje01,1945,BBWAA,247.0,186.0,1.0,N,Player,
3689,tartada01,2003,BBWAA,496.0,372.0,1.0,N,Player,
3794,taylobe99,2006,Negro League,,,,Y,Player,
2900,tayloto02,1982,BBWAA,415.0,312.0,0.0,N,Player,
1651,tebbebi01,1958,BBWAA,266.0,200.0,8.0,N,Player,
3418,tekulke01,1995,BBWAA,460.0,345.0,6.0,N,Player,
3498,templga01,1997,BBWAA,473.0,353.0,2.0,N,Player,
3171,tenacge01,1989,BBWAA,447.0,336.0,1.0,N,Player,
739,tennefr01,1946,Nominating Vote,202.0,,1.0,N,Player,Top 20
91,tennefr02,1936,Veterans,78.0,59.0,1.0,N,Player,
38,terrybi01,1936,BBWAA,226.0,170.0,9.0,N,Player,
3691,tettlmi01,2003,BBWAA,496.0,372.0,0.0,N,Player,
3725,tewksbo01,2004,BBWAA,506.0,380.0,0.0,N,Player,
1083,theveto01,1950,BBWAA,168.0,126.0,2.0,N,Player,
4020,thomafr04,2014,BBWAA,571.0,429.0,478.0,Y,Player,
3311,thomago01,1992,BBWAA,430.0,323.0,0.0,N,Player,
345,thomair01,1938,BBWAA,262.0,197.0,1.0,N,Player,
4158,thomeji01,2018,BBWAA,422.0,317.0,379.0,Y,Player,
3660,thompro01,2002,BBWAA,472.0,354.0,0.0,N,Player,
2544,thompsa01,1974,Veterans,,,,Y,Player,
2092,thomsbo01,1966,BBWAA,302.0,227.0,12.0,N,Player,
3341,thornan01,1993,BBWAA,423.0,318.0,2.0,N,Player,
3105,tiantlu01,1988,BBWAA,427.0,321.0,132.0,N,Player,
3228,tidrodi01,1990,BBWAA,444.0,333.0,0.0,N,Player,
4048,timlimi01,2014,BBWAA,571.0,429.0,0.0,N,Player,
136,tinkejo01,1937,BBWAA,201.0,151.0,15.0,N,Player,
1552,tobinji01,1956,BBWAA,193.0,145.0,2.0,N,Player,
3022,tolanbo01,1985,BBWAA,395.0,297.0,0.0,N,Player,
1010,toneyfr01,1949,BBWAA,153.0,115.0,1.0,N,Player,
2753,torboje01,1979,BBWAA,432.0,324.0,0.0,N,Player,
2179,torgeea01,1967,BBWAA,292.0,219.0,2.0,N,Player,
2925,torrejo01,1983,BBWAA,374.0,281.0,20.0,N,Player,
3218,torremi01,1990,BBWAA,444.0,333.0,1.0,N,Player,
3795,torricr99,2006,Negro League,,,,Y,Player,
2901,tovarce01,1982,BBWAA,415.0,312.0,0.0,N,Player,
3646,trammal01,2002,BBWAA,472.0,354.0,74.0,N,Player,
28,traynpi01,1936,BBWAA,226.0,170.0,16.0,N,Player,
3427,trillma01,1995,BBWAA,460.0,345.0,0.0,N,Player,
2052,troutdi01,1964,BBWAA,201.0,151.0,1.0,N,Player,
2036,truckvi01,1964,BBWAA,201.0,151.0,4.0,N,Player,
3461,tudorjo01,1996,BBWAA,470.0,353.0,2.0,N,Player,
1585,turneji01,1956,BBWAA,193.0,145.0,1.0,N,Player,
780,turnete01,1947,BBWAA,161.0,121.0,2.0,N,Player,
1586,uhlege01,1956,BBWAA,193.0,145.0,1.0,N,Player,
3140,unserde01,1988,BBWAA,427.0,321.0,0.0,N,Player,
3262,valenel01,1991,BBWAA,443.0,333.0,1.0,N,Player,
3679,valenfe01,2003,BBWAA,496.0,372.0,31.0,N,Player,
2180,valoel01,1967,BBWAA,292.0,219.0,2.0,N,Player,
103,vanceda01,1936,BBWAA,226.0,170.0,1.0,N,Player,
630,vandejo01,1945,BBWAA,247.0,186.0,1.0,N,Player,
92,vanhage01,1936,Veterans,78.0,59.0,1.0,N,Player,
3630,vanslan01,2001,BBWAA,515.0,387.0,0.0,N,Player,
4141,varitja01,2017,BBWAA,442.0,332.0,2.0,N,Player,
1358,vaughar01,1953,BBWAA,264.0,198.0,1.0,N,Player,
3883,vaughgr01,2009,BBWAA,539.0,405.0,0.0,N,Player,
3878,vaughmo01,2009,BBWAA,539.0,405.0,6.0,N,Player,
220,veachbo01,1937,BBWAA,201.0,151.0,1.0,N,Player,
2816,vealebo01,1980,BBWAA,385.0,289.0,0.0,N,Player,
3275,veeckbi99,1991,Veterans,,,,Y,Pioneer/Executive,
3901,venturo01,2010,BBWAA,539.0,405.0,7.0,N,Player,
2089,vernomi01,1966,BBWAA,302.0,227.0,20.0,N,Player,
3654,violafr01,2002,BBWAA,472.0,354.0,2.0,N,Player,
2537,virdobi01,1974,BBWAA,365.0,274.0,3.0,N,Player,
4165,vizquom01,2018,BBWAA,422.0,317.0,156.0,N,Player,
3312,vuckope01,1992,BBWAA,430.0,323.0,0.0,N,Player,
20,wadderu01,1936,BBWAA,226.0,170.0,33.0,N,Player,
4105,wagnebi02,2016,BBWAA,440.0,330.0,46.0,N,Player,
51,wagneho01,1936,Veterans,78.0,59.0,5.0,N,Player,
4142,wakefti01,2017,BBWAA,442.0,332.0,1.0,N,Player,
1741,walberu01,1958,BBWAA,266.0,200.0,1.0,N,Player,
1960,walkedi02,1962,BBWAA,160.0,120.0,1.0,N,Player,
1742,walkeha01,1958,BBWAA,266.0,200.0,1.0,N,Player,
3922,walkela01,2011,BBWAA,581.0,436.0,118.0,N,Player,
4010,walketo04,2013,BBWAA,569.0,427.0,0.0,N,Player,
93,wallabo01,1936,Veterans,78.0,59.0,1.0,N,Player,
3656,wallati01,2002,BBWAA,472.0,354.0,1.0,N,Player,
24,walshed01,1936,BBWAA,226.0,170.0,20.0,N,Player,
1063,waltebu01,1950,BBWAA,168.0,126.0,4.0,N,Player,
534,wambsbi01,1942,BBWAA,233.0,175.0,1.0,N,Player,
972,wanerll01,1949,BBWAA,153.0,115.0,3.0,N,Player,
704,wanerpa01,1946,Nominating Vote,202.0,,4.0,N,Player,Top 20
61,wardjo01,1936,Veterans,78.0,59.0,3.0,N,Player,
984,warnelo01,1949,BBWAA,153.0,115.0,2.0,N,Player,
3466,washicl01,1996,BBWAA,470.0,353.0,0.0,N,Player,
3271,wathajo01,1991,BBWAA,443.0,333.0,0.0,N,Player,
3211,watsobo01,1990,BBWAA,444.0,333.0,3.0,N,Player,
3470,weaveea99,1996,Veterans,,,,Y,Manager,
2396,weissge99,1971,Veterans,,,,Y,Pioneer/Executive,
3779,weisswa01,2006,BBWAA,520.0,390.0,1.0,N,Player,
3594,welchbo01,2000,BBWAA,499.0,375.0,1.0,N,Player,
2496,welchmi01,1973,Veterans,,,,Y,Player,
3997,wellsda01,2013,BBWAA,569.0,427.0,5.0,N,Player,
3503,wellswi99,1997,Veterans,,,,Y,Player,
1011,werbebi01,1949,BBWAA,153.0,115.0,1.0,N,Player,
2333,wertzvi01,1970,BBWAA,300.0,225.0,2.0,N,Player,
2044,westrwe01,1964,BBWAA,201.0,151.0,2.0,N,Player,
894,westsa01,1948,BBWAA,121.0,91.0,1.0,N,Player,
3775,wettejo01,2006,BBWAA,520.0,390.0,4.0,N,Player,
159,wheatza01,1937,BBWAA,201.0,151.0,5.0,N,Player,
3618,whitalo01,2001,BBWAA,515.0,387.0,15.0,N,Player,
1588,whitebu01,1956,BBWAA,193.0,145.0,1.0,N,Player,
94,whitede01,1936,Veterans,78.0,59.0,1.0,N,Player,
3829,whitede03,2007,BBWAA,545.0,409.0,0.0,N,Player,
1589,whiteea01,1956,BBWAA,193.0,145.0,1.0,N,Player,
3458,whitefr01,1996,BBWAA,470.0,353.0,18.0,N,Player,
1830,whiteha01,1960,BBWAA,269.0,202.0,4.0,N,Player,
3023,whitero01,1985,BBWAA,395.0,297.0,0.0,N,Player,
4007,whitero02,2013,BBWAA,569.0,427.0,0.0,N,Player,
3796,whiteso99,2006,Negro League,,,,Y,Pioneer/Executive,
2575,whitewi01,1975,BBWAA,362.0,272.0,7.0,N,Player,
2669,wilheho01,1978,BBWAA,379.0,285.0,158.0,N,Player,
3797,wilkijl99,2006,Negro League,,,,Y,Pioneer/Executive,
3960,willibe02,2012,BBWAA,573.0,430.0,55.0,N,Player,
2872,willibi01,1982,BBWAA,415.0,312.0,97.0,N,Player,
346,willicy01,1938,BBWAA,262.0,197.0,1.0,N,Player,
3860,willidi02,2008,Veterans,,,,Y,Manager,
3565,willijo99,1999,Veterans,,,,Y,Player,
1590,willike01,1956,BBWAA,193.0,145.0,1.0,N,Player,
3877,willima04,2009,BBWAA,539.0,405.0,7.0,N,Player,
3692,willimi02,2003,BBWAA,496.0,372.0,0.0,N,Player,
67,willine01,1936,Veterans,78.0,59.0,2.0,N,Player,
2064,willite01,1966,BBWAA,302.0,227.0,282.0,Y,Player,
3431,willivi01,1995,Veterans,,,,Y,Player,
4011,williwo02,2013,BBWAA,569.0,427.0,0.0,N,Player,
2672,willsma01,1978,BBWAA,379.0,285.0,115.0,N,Player,
222,wilsoha01,1937,BBWAA,201.0,151.0,1.0,N,Player,
812,wilsoji01,1948,BBWAA,121.0,91.0,8.0,N,Player,
3798,wilsoju99,2006,Negro League,,,,Y,Player,
3585,wilsowi02,2000,BBWAA,499.0,375.0,10.0,N,Player,
3599,winfida01,2001,BBWAA,515.0,387.0,435.0,Y,Player,
4114,winnra01,2016,BBWAA,440.0,330.0,0.0,N,Player,
3141,wiseri01,1988,BBWAA,427.0,321.0,0.0,N,Player,
3830,wittbo01,2007,BBWAA,545.0,409.0,0.0,N,Player,
3561,wittmi01,1999,BBWAA,497.0,373.0,0.0,N,Player,
1012,wittwh01,1949,BBWAA,153.0,115.0,1.0,N,Player,
3973,womacto01,2012,BBWAA,573.0,430.0,0.0,N,Player,
139,woodjo02,1937,BBWAA,201.0,151.0,13.0,N,Player,
4180,woodke02,2018,BBWAA,422.0,317.0,2.0,N,Player,
2971,woodwi01,1984,BBWAA,403.0,303.0,14.0,N,Player,
3693,worreto01,2003,BBWAA,496.0,372.0,0.0,N,Player,
47,wrighge01,1936,Veterans,78.0,59.0,6.0,N,Player,
859,wrighgl01,1948,BBWAA,121.0,91.0,2.0,N,Player,
1365,wrighha01,1953,Veterans,,,,Y,Pioneer/Executive,
1744,wyattwh01,1958,BBWAA,266.0,200.0,1.0,N,Player,
2254,wynnea01,1969,BBWAA,340.0,255.0,95.0,N,Player,
2949,wynnji01,1983,BBWAA,374.0,281.0,0.0,N,Player,
3143,yastrca01,1989,BBWAA,447.0,336.0,423.0,Y,Player,
2818,yawketo99,1980,Veterans,,,,Y,Pioneer/Executive,
3304,yeagest01,1992,BBWAA,430.0,323.0,2.0,N,Player,
632,yerkest02,1945,BBWAA,247.0,186.0,1.0,N,Player,
1962,yorkru01,1962,BBWAA,160.0,120.0,1.0,N,Player,
7,youngcy01,1936,BBWAA,226.0,170.0,111.0,N,Player,
3967,younger01,2012,BBWAA,573.0,430.0,1.0,N,Player,
1745,youngpe01,1958,BBWAA,266.0,200.0,1.0,N,Player,
36,youngro01,1936,BBWAA,226.0,170.0,10.0,N,Player,
3536,yountro01,1999,BBWAA,497.0,373.0,385.0,Y,Player,
1746,zachato01,1958,BBWAA,266.0,200.0,1.0,N,Player,
3272,zachrpa01,1991,BBWAA,443.0,333.0,0.0,N,Player,
3273,zahnge01,1991,BBWAA,443.0,333.0,0.0,N,Player,
4188,zambrca01,2018,BBWAA,422.0,317.0,0.0,N,Player,
3909,zeileto01,2010,BBWAA,539.0,405.0,0.0,N,Player,
347,zimmech01,1938,BBWAA,262.0,197.0,1.0,N,Player,
3182,ziskri01,1989,BBWAA,447.0,336.0,0.0,N,Player,
