playerID,awardID,yearID,lgID,tie,notes
justida01,ALCS MVP,2000,AL,,
jeterde01,All-Star Game MVP,2000,ML,,
jeterde01,Babe Ruth Award,2000,AL,,SS
stottto01,Branch Rickey Award,2000,ML,,
martipe02,Cy Young Award,2000,AL,,
johnsra05,Cy Young Award,2000,NL,,
olerujo01,Gold Glove,2000,AL,,1B
alomaro01,Gold Glove,2000,AL,,2B
frymatr01,Gold Glove,2000,AL,,3B
rodriiv01,Gold Glove,2000,AL,,C
dyeje01,Gold Glove,2000,AL,,OF
erstada01,Gold Glove,2000,AL,,OF
willibe02,Gold Glove,2000,AL,,OF
rogerke01,Gold Glove,2000,AL,,P
vizquom01,Gold Glove,2000,AL,,SS
snowjt01,Gold Glove,2000,NL,,1B
reesepo01,Gold Glove,2000,NL,,2B
rolensc01,Gold Glove,2000,NL,,3B
mathemi01,Gold Glove,2000,NL,,C
edmonji01,Gold Glove,2000,NL,,OF
finlest01,Gold Glove,2000,NL,,OF
jonesan01,Gold Glove,2000,NL,,OF
maddugr01,Gold Glove,2000,NL,,P
perezne01,Gold Glove,2000,NL,,SS
delgaca01,Hank Aaron Award,2000,AL,,1B
heltoto01,Hank Aaron Award,2000,NL,,1B
giambja01,Hutch Award,2000,ML,,
stottto01,Lou Gehrig Memorial Award,2000,ML,,
giambja01,Most Valuable Player,2000,AL,,
kentje01,Most Valuable Player,2000,NL,,
hamptmi01,NLCS MVP,2000,NL,,
leiteal01,Roberto Clemente Award,2000,ML,,
jonesto02,Rolaids Relief Man Award,2000,AL,,
alfonan01,Rolaids Relief Man Award,2000,NL,,
sasakka01,Rookie of the Year,2000,AL,,
furcara01,Rookie of the Year,2000,NL,,
delgaca01,Silver Slugger,2000,AL,,1B
alomaro01,Silver Slugger,2000,AL,,2B
glaustr01,Silver Slugger,2000,AL,,3B
posadjo01,Silver Slugger,2000,AL,,C
thomafr04,Silver Slugger,2000,AL,,DH
erstada01,Silver Slugger,2000,AL,,OF
ordonma01,Silver Slugger,2000,AL,,OF
ramirma02,Silver Slugger,2000,AL,,OF
rodrial01,Silver Slugger,2000,AL,,SS
heltoto01,Silver Slugger,2000,NL,,1B
kentje01,Silver Slugger,2000,NL,,2B
jonesch06,Silver Slugger,2000,NL,,3B
piazzmi01,Silver Slugger,2000,NL,,C
bondsba01,Silver Slugger,2000,NL,,OF
guerrvl01,Silver Slugger,2000,NL,,OF
sosasa01,Silver Slugger,2000,NL,,OF
hamptmi01,Silver Slugger,2000,NL,,P
renteed01,Silver Slugger,2000,NL,,SS
delgaca01,TSN All-Star,2000,AL,,1B
alomaro01,TSN All-Star,2000,AL,,2B
frymatr01,TSN All-Star,2000,AL,,3B
posadjo01,TSN All-Star,2000,AL,,C
wellsda01,TSN All-Star,2000,AL,,LHP
erstada01,TSN All-Star,2000,AL,,OF
ordonma01,TSN All-Star,2000,AL,,OF
willibe02,TSN All-Star,2000,AL,,OF
martipe02,TSN All-Star,2000,AL,,RHP
rodrial01,TSN All-Star,2000,AL,,SS
heltoto01,TSN All-Star,2000,NL,,1B
kentje01,TSN All-Star,2000,NL,,2B
jonesch06,TSN All-Star,2000,NL,,3B
piazzmi01,TSN All-Star,2000,NL,,C
glavito02,TSN All-Star,2000,NL,,LHP
bondsba01,TSN All-Star,2000,NL,,OF
guerrvl01,TSN All-Star,2000,NL,,OF
sosasa01,TSN All-Star,2000,NL,,OF
maddugr01,TSN All-Star,2000,NL,,RHP
renteed01,TSN All-Star,2000,NL,,SS
jonesto02,TSN Fireman of the Year,2000,AL,,
alfonan01,TSN Fireman of the Year,2000,NL,,
delgaca01,TSN Major League Player of the Year,2000,ML,,
martipe02,TSN Pitcher of the Year,2000,AL,,
glavito02,TSN Pitcher of the Year,2000,NL,,
jeterde01,World Series MVP,2000,ML,,
pettian01,ALCS MVP,2001,AL,,
ripkeca01,All-Star Game MVP,2001,ML,,
johnsra05,Babe Ruth Award,2001,NL,Y,P
schilcu01,Babe Ruth Award,2001,NL,Y,P
schilcu01,Branch Rickey Award,2001,ML,,
clemero02,Cy Young Award,2001,AL,,
johnsra05,Cy Young Award,2001,NL,,
mientdo01,Gold Glove,2001,AL,,1B
alomaro01,Gold Glove,2001,AL,,2B
chaveer01,Gold Glove,2001,AL,,3B
rodriiv01,Gold Glove,2001,AL,,C
camermi01,Gold Glove,2001,AL,,OF
hunteto01,Gold Glove,2001,AL,,OF
suzukic01,Gold Glove,2001,AL,,OF
mussimi01,Gold Glove,2001,AL,,P
vizquom01,Gold Glove,2001,AL,,SS
heltoto01,Gold Glove,2001,NL,,1B
vinafe01,Gold Glove,2001,NL,,2B
rolensc01,Gold Glove,2001,NL,,3B
ausmubr01,Gold Glove,2001,NL,,C
edmonji01,Gold Glove,2001,NL,,OF
jonesan01,Gold Glove,2001,NL,,OF
walkela01,Gold Glove,2001,NL,,OF
maddugr01,Gold Glove,2001,NL,,P
cabreor01,Gold Glove,2001,NL,,SS
rodrial01,Hank Aaron Award,2001,AL,,SS
bondsba01,Hank Aaron Award,2001,NL,,OF
schilcu01,Hutch Award,2001,ML,,
francjo01,Lou Gehrig Memorial Award,2001,ML,,
suzukic01,Most Valuable Player,2001,AL,,
bondsba01,Most Valuable Player,2001,NL,,
counscr01,NLCS MVP,2001,NL,,
schilcu01,Roberto Clemente Award,2001,ML,,
riverma01,Rolaids Relief Man Award,2001,AL,,
benitar01,Rolaids Relief Man Award,2001,NL,,
suzukic01,Rookie of the Year,2001,AL,,
pujolal01,Rookie of the Year,2001,NL,,
giambja01,Silver Slugger,2001,AL,,1B
boonebr01,Silver Slugger,2001,AL,,2B
glaustr01,Silver Slugger,2001,AL,,3B
posadjo01,Silver Slugger,2001,AL,,C
martied01,Silver Slugger,2001,AL,,DH
gonzaju03,Silver Slugger,2001,AL,,OF
ramirma02,Silver Slugger,2001,AL,,OF
suzukic01,Silver Slugger,2001,AL,,OF
rodrial01,Silver Slugger,2001,AL,,SS
heltoto01,Silver Slugger,2001,NL,,1B
kentje01,Silver Slugger,2001,NL,,2B
pujolal01,Silver Slugger,2001,NL,,3B
piazzmi01,Silver Slugger,2001,NL,,C
bondsba01,Silver Slugger,2001,NL,,OF
gonzalu01,Silver Slugger,2001,NL,,OF
sosasa01,Silver Slugger,2001,NL,,OF
hamptmi01,Silver Slugger,2001,NL,,P
aurilri01,Silver Slugger,2001,NL,,SS
thomeji01,TSN All-Star,2001,AL,,1B
boonebr01,TSN All-Star,2001,AL,,2B
glaustr01,TSN All-Star,2001,AL,,3B
posadjo01,TSN All-Star,2001,AL,,C
martied01,TSN All-Star,2001,AL,,DH
muldema01,TSN All-Star,2001,AL,,LHP
gonzaju03,TSN All-Star,2001,AL,,OF
ramirma02,TSN All-Star,2001,AL,,OF
suzukic01,TSN All-Star,2001,AL,,OF
clemero02,TSN All-Star,2001,AL,,RHP
rodrial01,TSN All-Star,2001,AL,,SS
heltoto01,TSN All-Star,2001,NL,,1B
biggicr01,TSN All-Star,2001,NL,,2B
jonesch06,TSN All-Star,2001,NL,,3B
piazzmi01,TSN All-Star,2001,NL,,C
johnsra05,TSN All-Star,2001,NL,,LHP
bondsba01,TSN All-Star,2001,NL,,OF
gonzalu01,TSN All-Star,2001,NL,,OF
sosasa01,TSN All-Star,2001,NL,,OF
schilcu01,TSN All-Star,2001,NL,,RHP
aurilri01,TSN All-Star,2001,NL,,SS
bondsba01,TSN Major League Player of the Year,2001,ML,,
clemero02,TSN Pitcher of the Year,2001,AL,,
schilcu01,TSN Pitcher of the Year,2001,NL,,
riverma01,TSN Reliever of the Year,2001,AL,,
benitar01,TSN Reliever of the Year,2001,NL,Y,
nenro01,TSN Reliever of the Year,2001,NL,Y,
johnsra05,World Series MVP,2001,ML,Y,
schilcu01,World Series MVP,2001,ML,Y,
kennead01,ALCS MVP,2002,AL,,
glaustr01,Babe Ruth Award,2002,AL,,3B
valenbo02,Branch Rickey Award,2002,ML,,
zitoba01,Cy Young Award,2002,AL,,
johnsra05,Cy Young Award,2002,NL,,
olerujo01,Gold Glove,2002,AL,,1B
boonebr01,Gold Glove,2002,AL,,2B
chaveer01,Gold Glove,2002,AL,,3B
molinbe01,Gold Glove,2002,AL,,C
erstada01,Gold Glove,2002,AL,,OF
hunteto01,Gold Glove,2002,AL,,OF
suzukic01,Gold Glove,2002,AL,,OF
rogerke01,Gold Glove,2002,AL,,P
rodrial01,Gold Glove,2002,AL,,SS
heltoto01,Gold Glove,2002,NL,,1B
vinafe01,Gold Glove,2002,NL,,2B
rolensc01,Gold Glove,2002,NL,,3B
ausmubr01,Gold Glove,2002,NL,,C
edmonji01,Gold Glove,2002,NL,,OF
jonesan01,Gold Glove,2002,NL,,OF
walkela01,Gold Glove,2002,NL,,OF
maddugr01,Gold Glove,2002,NL,,P
renteed01,Gold Glove,2002,NL,,SS
rodrial01,Hank Aaron Award,2002,AL,,SS
bondsba01,Hank Aaron Award,2002,NL,,OF
salmoti01,Hutch Award,2002,ML,,
graveda01,Lou Gehrig Memorial Award,2002,ML,,
tejadmi01,Most Valuable Player,2002,AL,,
bondsba01,Most Valuable Player,2002,NL,,
santibe01,NLCS MVP,2002,NL,,
johnsra05,Pitching Triple Crown,2002,NL,,
thomeji01,Roberto Clemente Award,2002,ML,,
kochbi01,Rolaids Relief Man Award,2002,AL,,
smoltjo01,Rolaids Relief Man Award,2002,NL,,
hinsker01,Rookie of the Year,2002,AL,,
jennija01,Rookie of the Year,2002,NL,,
giambja01,Silver Slugger,2002,AL,,1B
soriaal01,Silver Slugger,2002,AL,,2B
chaveer01,Silver Slugger,2002,AL,,3B
posadjo01,Silver Slugger,2002,AL,,C
ramirma02,Silver Slugger,2002,AL,,DH
anderga01,Silver Slugger,2002,AL,,OF
ordonma01,Silver Slugger,2002,AL,,OF
willibe02,Silver Slugger,2002,AL,,OF
rodrial01,Silver Slugger,2002,AL,,SS
heltoto01,Silver Slugger,2002,NL,,1B
kentje01,Silver Slugger,2002,NL,,2B
rolensc01,Silver Slugger,2002,NL,,3B
piazzmi01,Silver Slugger,2002,NL,,C
bondsba01,Silver Slugger,2002,NL,,OF
guerrvl01,Silver Slugger,2002,NL,,OF
sosasa01,Silver Slugger,2002,NL,,OF
hamptmi01,Silver Slugger,2002,NL,,P
renteed01,Silver Slugger,2002,NL,,SS
giambja01,TSN All-Star,2002,AL,,1B
soriaal01,TSN All-Star,2002,AL,,2B
chaveer01,TSN All-Star,2002,AL,,3B
posadjo01,TSN All-Star,2002,AL,,C
ramirma02,TSN All-Star,2002,AL,,DH
zitoba01,TSN All-Star,2002,AL,,LHP
anderga01,TSN All-Star,2002,AL,,OF
hunteto01,TSN All-Star,2002,AL,,OF
willibe02,TSN All-Star,2002,AL,,OF
lowede01,TSN All-Star,2002,AL,,RHP
rodrial01,TSN All-Star,2002,AL,,SS
heltoto01,TSN All-Star,2002,NL,,1B
kentje01,TSN All-Star,2002,NL,,2B
rolensc01,TSN All-Star,2002,NL,,3B
piazzmi01,TSN All-Star,2002,NL,,C
johnsra05,TSN All-Star,2002,NL,,LHP
bondsba01,TSN All-Star,2002,NL,,OF
guerrvl01,TSN All-Star,2002,NL,,OF
sosasa01,TSN All-Star,2002,NL,,OF
schilcu01,TSN All-Star,2002,NL,,RHP
renteed01,TSN All-Star,2002,NL,,SS
rodrial01,TSN Major League Player of the Year,2002,ML,,
zitoba01,TSN Pitcher of the Year,2002,AL,,
schilcu01,TSN Pitcher of the Year,2002,NL,,
kochbi01,TSN Reliever of the Year,2002,AL,,
smoltjo01,TSN Reliever of the Year,2002,NL,,
glaustr01,World Series MVP,2002,ML,,
riverma01,ALCS MVP,2003,AL,,
anderga01,All-Star Game MVP,2003,ML,,
beckejo02,Babe Ruth Award,2003,NL,,P
hemonro99,Branch Rickey Award,2003,ML,,
hallaro01,Cy Young Award,2003,AL,,
gagneer01,Cy Young Award,2003,NL,,
olerujo01,Gold Glove,2003,AL,,1B
boonebr01,Gold Glove,2003,AL,,2B
chaveer01,Gold Glove,2003,AL,,3B
molinbe01,Gold Glove,2003,AL,,C
camermi01,Gold Glove,2003,AL,,OF
hunteto01,Gold Glove,2003,AL,,OF
suzukic01,Gold Glove,2003,AL,,OF
mussimi01,Gold Glove,2003,AL,,P
rodrial01,Gold Glove,2003,AL,,SS
leede02,Gold Glove,2003,NL,,1B
castilu01,Gold Glove,2003,NL,,2B
rolensc01,Gold Glove,2003,NL,,3B
mathemi01,Gold Glove,2003,NL,,C
cruzjo02,Gold Glove,2003,NL,,OF
edmonji01,Gold Glove,2003,NL,,OF
jonesan01,Gold Glove,2003,NL,,OF
hamptmi01,Gold Glove,2003,NL,,P
renteed01,Gold Glove,2003,NL,,SS
rodrial01,Hank Aaron Award,2003,AL,,
pujolal01,Hank Aaron Award,2003,NL,,
moyerja01,Hutch Award,2003,ML,,
moyerja01,Lou Gehrig Memorial Award,2003,ML,,
rodrial01,Most Valuable Player,2003,AL,,
bondsba01,Most Valuable Player,2003,NL,,
rodriiv01,NLCS MVP,2003,NL,,
moyerja01,Roberto Clemente Award,2003,ML,,
foulkke01,Rolaids Relief Man Award,2003,AL,,
gagneer01,Rolaids Relief Man Award,2003,NL,,
berroan01,Rookie of the Year,2003,AL,,
willido03,Rookie of the Year,2003,NL,,
delgaca01,Silver Slugger,2003,AL,,1B
boonebr01,Silver Slugger,2003,AL,,2B
muellbi02,Silver Slugger,2003,AL,,3B
posadjo01,Silver Slugger,2003,AL,,C
martied01,Silver Slugger,2003,AL,,DH
anderga01,Silver Slugger,2003,AL,,OF
ramirma02,Silver Slugger,2003,AL,,OF
wellsve01,Silver Slugger,2003,AL,,OF
rodrial01,Silver Slugger,2003,AL,,SS
heltoto01,Silver Slugger,2003,NL,,1B
vidrojo01,Silver Slugger,2003,NL,,2B
lowelmi01,Silver Slugger,2003,NL,,3B
lopezja01,Silver Slugger,2003,NL,,C
bondsba01,Silver Slugger,2003,NL,,OF
pujolal01,Silver Slugger,2003,NL,,OF
sheffga01,Silver Slugger,2003,NL,,OF
hamptmi01,Silver Slugger,2003,NL,,P
renteed01,Silver Slugger,2003,NL,,SS
delgaca01,TSN All-Star,2003,AL,,1B
boonebr01,TSN All-Star,2003,AL,,2B
muellbi02,TSN All-Star,2003,AL,,3B
posadjo01,TSN All-Star,2003,AL,,C
thomafr04,TSN All-Star,2003,AL,,DH
pettian01,TSN All-Star,2003,AL,,LHP
anderga01,TSN All-Star,2003,AL,,OF
ordonma01,TSN All-Star,2003,AL,,OF
wellsve01,TSN All-Star,2003,AL,,OF
hallaro01,TSN All-Star,2003,AL,,RHP
rodrial01,TSN All-Star,2003,AL,,SS
heltoto01,TSN All-Star,2003,NL,,1B
gilesma01,TSN All-Star,2003,NL,,2B
rolensc01,TSN All-Star,2003,NL,,3B
lopezja01,TSN All-Star,2003,NL,,C
wolfra02,TSN All-Star,2003,NL,,LHP
bondsba01,TSN All-Star,2003,NL,,OF
pujolal01,TSN All-Star,2003,NL,,OF
sheffga01,TSN All-Star,2003,NL,,OF
gagneer01,TSN All-Star,2003,NL,,RHP
renteed01,TSN All-Star,2003,NL,,SS
pujolal01,TSN Major League Player of the Year,2003,ML,,
hallaro01,TSN Pitcher of the Year,2003,AL,,
gagneer01,TSN Pitcher of the Year,2003,NL,,
foulkke01,TSN Reliever of the Year,2003,AL,,
gagneer01,TSN Reliever of the Year,2003,NL,,
beckejo02,World Series MVP,2003,ML,,
ortizda01,ALCS MVP,2004,AL,,
soriaal01,All-Star Game MVP,2004,ML,,
foulkke01,Babe Ruth Award,2004,AL,,P
moyerja01,Branch Rickey Award,2004,ML,,
santajo01,Cy Young Award,2004,AL,,
clemero02,Cy Young Award,2004,NL,,
erstada01,Gold Glove,2004,AL,,1B
boonebr01,Gold Glove,2004,AL,,2B
chaveer01,Gold Glove,2004,AL,,3B
rodriiv01,Gold Glove,2004,AL,,C
hunteto01,Gold Glove,2004,AL,,OF
suzukic01,Gold Glove,2004,AL,,OF
wellsve01,Gold Glove,2004,AL,,OF
rogerke01,Gold Glove,2004,AL,,P
jeterde01,Gold Glove,2004,AL,,SS
heltoto01,Gold Glove,2004,NL,,1B
castilu01,Gold Glove,2004,NL,,2B
rolensc01,Gold Glove,2004,NL,,3B
mathemi01,Gold Glove,2004,NL,,C
edmonji01,Gold Glove,2004,NL,,OF
finlest01,Gold Glove,2004,NL,,OF
jonesan01,Gold Glove,2004,NL,,OF
maddugr01,Gold Glove,2004,NL,,P
izturce01,Gold Glove,2004,NL,,SS
ramirma02,Hank Aaron Award,2004,AL,,
bondsba01,Hank Aaron Award,2004,NL,,
hoffmtr01,Hutch Award,2004,ML,,
thomeji01,Lou Gehrig Memorial Award,2004,ML,,
guerrvl01,Most Valuable Player,2004,AL,,
bondsba01,Most Valuable Player,2004,NL,,
pujolal01,NLCS MVP,2004,NL,,
martied01,Roberto Clemente Award,2004,ML,,
riverma01,Rolaids Relief Man Award,2004,AL,,
gagneer01,Rolaids Relief Man Award,2004,NL,,
crosbbo01,Rookie of the Year,2004,AL,,
bayja01,Rookie of the Year,2004,NL,,
teixema01,Silver Slugger,2004,AL,,1B
soriaal01,Silver Slugger,2004,AL,,2B
morame01,Silver Slugger,2004,AL,,3B
martivi01,Silver Slugger,2004,AL,Y,C
rodriiv01,Silver Slugger,2004,AL,Y,C
ortizda01,Silver Slugger,2004,AL,,DH
guerrvl01,Silver Slugger,2004,AL,,OF
ramirma02,Silver Slugger,2004,AL,,OF
sheffga01,Silver Slugger,2004,AL,,OF
tejadmi01,Silver Slugger,2004,AL,,SS
pujolal01,Silver Slugger,2004,NL,,1B
loretma01,Silver Slugger,2004,NL,,2B
beltrad01,Silver Slugger,2004,NL,,3B
estrajo01,Silver Slugger,2004,NL,,C
abreubo01,Silver Slugger,2004,NL,,OF
bondsba01,Silver Slugger,2004,NL,,OF
edmonji01,Silver Slugger,2004,NL,,OF
hernali01,Silver Slugger,2004,NL,,P
wilsoja02,Silver Slugger,2004,NL,,SS
konerpa01,TSN All-Star,2004,AL,,1B
soriaal01,TSN All-Star,2004,AL,,2B
morame01,TSN All-Star,2004,AL,,3B
rodriiv01,TSN All-Star,2004,AL,,C
ortizda01,TSN All-Star,2004,AL,,DH
guerrvl01,TSN All-Star,2004,AL,,OF
ramirma02,TSN All-Star,2004,AL,,OF
suzukic01,TSN All-Star,2004,AL,,OF
santajo01,TSN All-Star,2004,AL,,P
tejadmi01,TSN All-Star,2004,AL,,SS
pujolal01,TSN All-Star,2004,NL,,1B
loretma01,TSN All-Star,2004,NL,,2B
rolensc01,TSN All-Star,2004,NL,,3B
estrajo01,TSN All-Star,2004,NL,,C
bondsba01,TSN All-Star,2004,NL,,OF
drewjd01,TSN All-Star,2004,NL,,OF
edmonji01,TSN All-Star,2004,NL,,OF
schmija01,TSN All-Star,2004,NL,,P
renteed01,TSN All-Star,2004,NL,,SS
bondsba01,TSN Major League Player of the Year,2004,ML,,
santajo01,TSN Pitcher of the Year,2004,AL,,
schmija01,TSN Pitcher of the Year,2004,NL,,
nathajo01,TSN Reliever of the Year,2004,AL,Y,
riverma01,TSN Reliever of the Year,2004,AL,Y,
ramirma02,World Series MVP,2004,ML,,
konerpa01,ALCS MVP,2005,AL,,
tejadmi01,All-Star Game MVP,2005,ML,,
dyeje01,Babe Ruth Award,2005,AL,,OF
gonzalu01,Branch Rickey Award,2005,ML,,
giambja01,Comeback Player of the Year,2005,AL,,
griffke02,Comeback Player of the Year,2005,NL,,
colonba01,Cy Young Award,2005,AL,,
carpech01,Cy Young Award,2005,NL,,
teixema01,Gold Glove,2005,AL,,1B
hudsoor01,Gold Glove,2005,AL,,2B
chaveer01,Gold Glove,2005,AL,,3B
varitja01,Gold Glove,2005,AL,,C
hunteto01,Gold Glove,2005,AL,,OF
suzukic01,Gold Glove,2005,AL,,OF
wellsve01,Gold Glove,2005,AL,,OF
rogerke01,Gold Glove,2005,AL,,P
jeterde01,Gold Glove,2005,AL,,SS
leede02,Gold Glove,2005,NL,,1B
castilu01,Gold Glove,2005,NL,,2B
lowelmi01,Gold Glove,2005,NL,,3B
mathemi01,Gold Glove,2005,NL,,C
abreubo01,Gold Glove,2005,NL,,OF
edmonji01,Gold Glove,2005,NL,,OF
jonesan01,Gold Glove,2005,NL,,OF
maddugr01,Gold Glove,2005,NL,,P
vizquom01,Gold Glove,2005,NL,,SS
ortizda01,Hank Aaron Award,2005,AL,,
jonesan01,Hank Aaron Award,2005,NL,,
biggicr01,Hutch Award,2005,ML,,
smoltjo01,Lou Gehrig Memorial Award,2005,ML,,
rodrial01,Most Valuable Player,2005,AL,,
pujolal01,Most Valuable Player,2005,NL,,
oswalro01,NLCS MVP,2005,NL,,
smoltjo01,Roberto Clemente Award,2005,ML,,
riverma01,Rolaids Relief Man Award,2005,AL,,
cordech01,Rolaids Relief Man Award,2005,NL,,
streehu01,Rookie of the Year,2005,AL,,
howarry01,Rookie of the Year,2005,NL,,
teixema01,Silver Slugger,2005,AL,,1B
soriaal01,Silver Slugger,2005,AL,,2B
rodrial01,Silver Slugger,2005,AL,,3B
varitja01,Silver Slugger,2005,AL,,C
ortizda01,Silver Slugger,2005,AL,,DH
guerrvl01,Silver Slugger,2005,AL,,OF
ramirma02,Silver Slugger,2005,AL,,OF
sheffga01,Silver Slugger,2005,AL,,OF
tejadmi01,Silver Slugger,2005,AL,,SS
leede02,Silver Slugger,2005,NL,,1B
kentje01,Silver Slugger,2005,NL,,2B
ensbemo01,Silver Slugger,2005,NL,,3B
barremi01,Silver Slugger,2005,NL,,C
cabremi01,Silver Slugger,2005,NL,,OF
jonesan01,Silver Slugger,2005,NL,,OF
leeca01,Silver Slugger,2005,NL,,OF
marquja01,Silver Slugger,2005,NL,,P
lopezfe01,Silver Slugger,2005,NL,,SS
teixema01,TSN All-Star,2005,AL,,1B
roberbr01,TSN All-Star,2005,AL,,2B
rodrial01,TSN All-Star,2005,AL,,3B
varitja01,TSN All-Star,2005,AL,,C
ortizda01,TSN All-Star,2005,AL,,DH
damonjo01,TSN All-Star,2005,AL,,OF
guerrvl01,TSN All-Star,2005,AL,,OF
ramirma02,TSN All-Star,2005,AL,,OF
nathajo01,TSN All-Star,2005,AL,Y,RP
riverma01,TSN All-Star,2005,AL,Y,RP
youngmi02,TSN All-Star,2005,AL,,SS
pujolal01,TSN All-Star,2005,NL,,1B
kentje01,TSN All-Star,2005,NL,,2B
ensbemo01,TSN All-Star,2005,NL,,3B
loducpa01,TSN All-Star,2005,NL,,C
cabremi01,TSN All-Star,2005,NL,,OF
griffke02,TSN All-Star,2005,NL,,OF
jonesan01,TSN All-Star,2005,NL,,OF
cordech01,TSN All-Star,2005,NL,,RP
lopezfe01,TSN All-Star,2005,NL,,SS
jonesan01,TSN Major League Player of the Year,2005,ML,,
colonba01,TSN Pitcher of the Year,2005,AL,,
carpech01,TSN Pitcher of the Year,2005,NL,,
cordech01,TSN Reliever of the Year,2005,NL,,
dyeje01,World Series MVP,2005,ML,,
polanpl01,ALCS MVP,2006,AL,,
youngmi02,All-Star Game MVP,2006,ML,,
eckstda01,Babe Ruth Award,2006,AL,,SS
lasorto01,Branch Rickey Award,2006,ML,,
johnsji04,Comeback Player of the Year,2006,AL,,
garcino01,Comeback Player of the Year,2006,NL,,
santajo01,Cy Young Award,2006,AL,,
webbbr01,Cy Young Award,2006,NL,,
teixema01,Gold Glove,2006,AL,,1B
grudzma01,Gold Glove,2006,AL,,2B
chaveer01,Gold Glove,2006,AL,,3B
rodriiv01,Gold Glove,2006,AL,,C
hunteto01,Gold Glove,2006,AL,,OF
suzukic01,Gold Glove,2006,AL,,OF
wellsve01,Gold Glove,2006,AL,,OF
rogerke01,Gold Glove,2006,AL,,P
jeterde01,Gold Glove,2006,AL,,SS
pujolal01,Gold Glove,2006,NL,,1B
hudsoor01,Gold Glove,2006,NL,,2B
rolensc01,Gold Glove,2006,NL,,3B
ausmubr01,Gold Glove,2006,NL,,C
beltrca01,Gold Glove,2006,NL,,OF
camermi01,Gold Glove,2006,NL,,OF
jonesan01,Gold Glove,2006,NL,,OF
maddugr01,Gold Glove,2006,NL,,P
vizquom01,Gold Glove,2006,NL,,SS
jeterde01,Hank Aaron Award,2006,AL,,
howarry01,Hank Aaron Award,2006,NL,,
loretma01,Hutch Award,2006,ML,,
hoffmtr01,Lou Gehrig Memorial Award,2006,ML,,
morneju01,Most Valuable Player,2006,AL,,
howarry01,Most Valuable Player,2006,NL,,
suppaje01,NLCS MVP,2006,NL,,
santajo01,Pitching Triple Crown,2006,AL,,
delgaca01,Roberto Clemente Award,2006,ML,,
rodrifr03,Rolaids Relief Man Award,2006,AL,,
hoffmtr01,Rolaids Relief Man Award,2006,NL,,
verlaju01,Rookie of the Year,2006,AL,,
ramirha01,Rookie of the Year,2006,NL,,
morneju01,Silver Slugger,2006,AL,,1B
canoro01,Silver Slugger,2006,AL,,2B
credejo01,Silver Slugger,2006,AL,,3B
mauerjo01,Silver Slugger,2006,AL,,C
ortizda01,Silver Slugger,2006,AL,,DH
dyeje01,Silver Slugger,2006,AL,,OF
guerrvl01,Silver Slugger,2006,AL,,OF
ramirma02,Silver Slugger,2006,AL,,OF
jeterde01,Silver Slugger,2006,AL,,SS
howarry01,Silver Slugger,2006,NL,,1B
utleych01,Silver Slugger,2006,NL,,2B
cabremi01,Silver Slugger,2006,NL,,3B
mccanbr01,Silver Slugger,2006,NL,,C
beltrca01,Silver Slugger,2006,NL,,OF
hollima01,Silver Slugger,2006,NL,,OF
soriaal01,Silver Slugger,2006,NL,,OF
zambrca01,Silver Slugger,2006,NL,,P
reyesjo01,Silver Slugger,2006,NL,,SS
morneju01,TSN All-Star,2006,AL,,1B
canoro01,TSN All-Star,2006,AL,,2B
credejo01,TSN All-Star,2006,AL,,3B
mauerjo01,TSN All-Star,2006,AL,,C
ortizda01,TSN All-Star,2006,AL,,DH
dyeje01,TSN All-Star,2006,AL,,OF
ramirma02,TSN All-Star,2006,AL,,OF
wellsve01,TSN All-Star,2006,AL,,OF
jeterde01,TSN All-Star,2006,AL,,SS
howarry01,TSN All-Star,2006,NL,,1B
utleych01,TSN All-Star,2006,NL,,2B
wrighda03,TSN All-Star,2006,NL,,3B
mccanbr01,TSN All-Star,2006,NL,,C
beltrca01,TSN All-Star,2006,NL,,OF
berkmla01,TSN All-Star,2006,NL,Y,OF
jonesan01,TSN All-Star,2006,NL,Y,OF
soriaal01,TSN All-Star,2006,NL,,OF
reyesjo01,TSN All-Star,2006,NL,,SS
howarry01,TSN Major League Player of the Year,2006,ML,,
santajo01,TSN Pitcher of the Year,2006,AL,,
carpech01,TSN Pitcher of the Year,2006,NL,,
rodrifr03,TSN Reliever of the Year,2006,AL,,
hoffmtr01,TSN Reliever of the Year,2006,NL,,
eckstda01,World Series MVP,2006,ML,,
beckejo02,ALCS MVP,2007,AL,,
suzukic01,All-Star Game MVP,2007,ML,,
papeljo01,Babe Ruth Award,2007,AL,,P
smoltjo01,Branch Rickey Award,2007,ML,,
penaca01,Comeback Player of the Year,2007,AL,,
youngdm01,Comeback Player of the Year,2007,NL,,
sabatcc01,Cy Young Award,2007,AL,,
peavyja01,Cy Young Award,2007,NL,,
youklke01,Gold Glove,2007,AL,,1B
polanpl01,Gold Glove,2007,AL,,2B
beltrad01,Gold Glove,2007,AL,,3B
rodriiv01,Gold Glove,2007,AL,,C
hunteto01,Gold Glove,2007,AL,,OF
sizemgr01,Gold Glove,2007,AL,,OF
suzukic01,Gold Glove,2007,AL,,OF
santajo01,Gold Glove,2007,AL,,P
cabreor01,Gold Glove,2007,AL,,SS
leede02,Gold Glove,2007,NL,,1B
hudsoor01,Gold Glove,2007,NL,,2B
wrighda03,Gold Glove,2007,NL,,3B
martiru01,Gold Glove,2007,NL,,C
beltrca01,Gold Glove,2007,NL,,OF
francje02,Gold Glove,2007,NL,,OF
jonesan01,Gold Glove,2007,NL,,OF
rowanaa01,Gold Glove,2007,NL,,OF
maddugr01,Gold Glove,2007,NL,,P
rolliji01,Gold Glove,2007,NL,,SS
rodrial01,Hank Aaron Award,2007,AL,,
fieldpr01,Hank Aaron Award,2007,NL,,
sweenmi01,Hutch Award,2007,ML,,
timlimi01,Lou Gehrig Memorial Award,2007,ML,,
rodrial01,Most Valuable Player,2007,AL,,
rolliji01,Most Valuable Player,2007,NL,,
hollima01,NLCS MVP,2007,NL,,
peavyja01,Pitching Triple Crown,2007,NL,,
biggicr01,Roberto Clemente Award,2007,ML,,
putzjj01,Rolaids Relief Man Award,2007,AL,,
valvejo01,Rolaids Relief Man Award,2007,NL,,
pedrodu01,Rookie of the Year,2007,AL,,
braunry02,Rookie of the Year,2007,NL,,
penaca01,Silver Slugger,2007,AL,,1B
polanpl01,Silver Slugger,2007,AL,,2B
rodrial01,Silver Slugger,2007,AL,,3B
posadjo01,Silver Slugger,2007,AL,,C
ortizda01,Silver Slugger,2007,AL,,DH
guerrvl01,Silver Slugger,2007,AL,,OF
ordonma01,Silver Slugger,2007,AL,,OF
suzukic01,Silver Slugger,2007,AL,,OF
jeterde01,Silver Slugger,2007,AL,,SS
fieldpr01,Silver Slugger,2007,NL,,1B
utleych01,Silver Slugger,2007,NL,,2B
wrighda03,Silver Slugger,2007,NL,,3B
martiru01,Silver Slugger,2007,NL,,C
beltrca01,Silver Slugger,2007,NL,,OF
hollima01,Silver Slugger,2007,NL,,OF
leeca01,Silver Slugger,2007,NL,,OF
owingmi01,Silver Slugger,2007,NL,,P
rolliji01,Silver Slugger,2007,NL,,SS
penaca01,TSN All-Star,2007,AL,,1B
polanpl01,TSN All-Star,2007,AL,,2B
rodrial01,TSN All-Star,2007,AL,,3B
posadjo01,TSN All-Star,2007,AL,,C
ortizda01,TSN All-Star,2007,AL,,DH
guerrvl01,TSN All-Star,2007,AL,,OF
ordonma01,TSN All-Star,2007,AL,,OF
suzukic01,TSN All-Star,2007,AL,,OF
borowjo01,TSN All-Star,2007,AL,,RP
sabatcc01,TSN All-Star,2007,AL,,SP
jeterde01,TSN All-Star,2007,AL,,SS
fieldpr01,TSN All-Star,2007,NL,,1B
utleych01,TSN All-Star,2007,NL,,2B
wrighda03,TSN All-Star,2007,NL,,3B
martiru01,TSN All-Star,2007,NL,,C
hollima01,TSN All-Star,2007,NL,,OF
leeca01,TSN All-Star,2007,NL,,OF
rowanaa01,TSN All-Star,2007,NL,,OF
valvejo01,TSN All-Star,2007,NL,,RP
peavyja01,TSN All-Star,2007,NL,,SP
ramirha01,TSN All-Star,2007,NL,,SS
rodrial01,TSN Major League Player of the Year,2007,ML,,
sabatcc01,TSN Pitcher of the Year,2007,AL,,
peavyja01,TSN Pitcher of the Year,2007,NL,,
borowjo01,TSN Reliever of the Year,2007,AL,,
valvejo01,TSN Reliever of the Year,2007,NL,,
lowelmi01,World Series MVP,2007,ML,,
garzama01,ALCS MVP,2008,AL,,
drewjd01,All-Star Game MVP,2008,ML,,
hamelco01,Babe Ruth Award,2008,NL,,P
hoffmtr01,Branch Rickey Award,2008,ML,,
leecl02,Comeback Player of the Year,2008,AL,,
lidgebr01,Comeback Player of the Year,2008,NL,,
leecl02,Cy Young Award,2008,AL,,
linceti01,Cy Young Award,2008,NL,,
penaca01,Gold Glove,2008,AL,,1B
pedrodu01,Gold Glove,2008,AL,,2B
beltrad01,Gold Glove,2008,AL,,3B
mauerjo01,Gold Glove,2008,AL,,C
hunteto01,Gold Glove,2008,AL,,OF
sizemgr01,Gold Glove,2008,AL,,OF
suzukic01,Gold Glove,2008,AL,,OF
mussimi01,Gold Glove,2008,AL,,P
youngmi02,Gold Glove,2008,AL,,SS
gonzaad01,Gold Glove,2008,NL,,1B
phillbr01,Gold Glove,2008,NL,,2B
wrighda03,Gold Glove,2008,NL,,3B
molinya01,Gold Glove,2008,NL,,C
beltrca01,Gold Glove,2008,NL,,OF
mclouna01,Gold Glove,2008,NL,,OF
victosh01,Gold Glove,2008,NL,,OF
maddugr01,Gold Glove,2008,NL,,P
rolliji01,Gold Glove,2008,NL,,SS
youklke01,Hank Aaron Award,2008,AL,,
ramirar01,Hank Aaron Award,2008,NL,,
lestejo01,Hutch Award,2008,ML,,
victosh01,Lou Gehrig Memorial Award,2008,ML,,
pedrodu01,Most Valuable Player,2008,AL,,
pujolal01,Most Valuable Player,2008,NL,,
hamelco01,NLCS MVP,2008,NL,,
pujolal01,Roberto Clemente Award,2008,NL,,
rodrifr03,Rolaids Relief Man Award,2008,AL,,
lidgebr01,Rolaids Relief Man Award,2008,NL,,
longoev01,Rookie of the Year,2008,AL,,
sotoge01,Rookie of the Year,2008,NL,,
morneju01,Silver Slugger,2008,AL,,1B
pedrodu01,Silver Slugger,2008,AL,,2B
rodrial01,Silver Slugger,2008,AL,,3B
mauerjo01,Silver Slugger,2008,AL,,C
huffau01,Silver Slugger,2008,AL,,DH
hamiljo03,Silver Slugger,2008,AL,,OF
quentca01,Silver Slugger,2008,AL,,OF
sizemgr01,Silver Slugger,2008,AL,,OF
jeterde01,Silver Slugger,2008,AL,,SS
pujolal01,Silver Slugger,2008,NL,,1B
utleych01,Silver Slugger,2008,NL,,2B
wrighda03,Silver Slugger,2008,NL,,3B
mccanbr01,Silver Slugger,2008,NL,,C
braunry02,Silver Slugger,2008,NL,,OF
hollima01,Silver Slugger,2008,NL,,OF
ludwiry01,Silver Slugger,2008,NL,,OF
zambrca01,Silver Slugger,2008,NL,,P
ramirha01,Silver Slugger,2008,NL,,SS
pujolal01,TSN Major League Player of the Year,2008,ML,,
leecl02,TSN Pitcher of the Year,2008,AL,,
linceti01,TSN Pitcher of the Year,2008,NL,,
rodrifr03,TSN Reliever of the Year,2008,AL,,
lidgebr01,TSN Reliever of the Year,2008,NL,,
hamelco01,World Series MVP,2008,ML,,
sabatcc01,ALCS MVP,2009,AL,,
crawfca02,All-Star Game MVP,2009,ML,,
rodrial01,Babe Ruth Award,2009,AL,,3B
hunteto01,Branch Rickey Award,2009,ML,,
hillaa01,Comeback Player of the Year,2009,AL,,
carpech02,Comeback Player of the Year,2009,NL,,
greinza01,Cy Young Award,2009,AL,,
linceti01,Cy Young Award,2009,NL,,
teixema01,Gold Glove,2009,AL,,1B
polanpl01,Gold Glove,2009,AL,,2B
longoev01,Gold Glove,2009,AL,,3B
mauerjo01,Gold Glove,2009,AL,,C
hunteto01,Gold Glove,2009,AL,,OF
jonesad01,Gold Glove,2009,AL,,OF
suzukic01,Gold Glove,2009,AL,,OF
buehrma01,Gold Glove,2009,AL,,P
jeterde01,Gold Glove,2009,AL,,SS
gonzaad01,Gold Glove,2009,NL,,1B
hudsoor01,Gold Glove,2009,NL,,2B
zimmery01,Gold Glove,2009,NL,,3B
molinya01,Gold Glove,2009,NL,,C
bournmi01,Gold Glove,2009,NL,,OF
kempma01,Gold Glove,2009,NL,,OF
victosh01,Gold Glove,2009,NL,,OF
wainwad01,Gold Glove,2009,NL,,P
rolliji01,Gold Glove,2009,NL,,SS
jeterde01,Hank Aaron Award,2009,AL,,
pujolal01,Hank Aaron Award,2009,NL,,
teahema01,Hutch Award,2009,ML,,
pujolal01,Lou Gehrig Memorial Award,2009,ML,,
mauerjo01,Most Valuable Player,2009,AL,,
pujolal01,Most Valuable Player,2009,NL,,
howarry01,NLCS MVP,2009,NL,,
jeterde01,Roberto Clemente Award,2009,ML,,
riverma01,Rolaids Relief Man Award,2009,AL,,
bellhe01,Rolaids Relief Man Award,2009,NL,,
bailean01,Rookie of the Year,2009,AL,,
coghlch01,Rookie of the Year,2009,NL,,
teixema01,Silver Slugger,2009,AL,,1B
hillaa01,Silver Slugger,2009,AL,,2B
longoev01,Silver Slugger,2009,AL,,3B
mauerjo01,Silver Slugger,2009,AL,,C
lindad01,Silver Slugger,2009,AL,,DH
bayja01,Silver Slugger,2009,AL,,OF
hunteto01,Silver Slugger,2009,AL,,OF
suzukic01,Silver Slugger,2009,AL,,OF
jeterde01,Silver Slugger,2009,AL,,SS
pujolal01,Silver Slugger,2009,NL,,1B
utleych01,Silver Slugger,2009,NL,,2B
zimmery01,Silver Slugger,2009,NL,,3B
mccanbr01,Silver Slugger,2009,NL,,C
braunry02,Silver Slugger,2009,NL,,OF
ethiean01,Silver Slugger,2009,NL,,OF
kempma01,Silver Slugger,2009,NL,,OF
zambrca01,Silver Slugger,2009,NL,,P
ramirha01,Silver Slugger,2009,NL,,SS
pujolal01,TSN Major League Player of the Year,2009,ML,,
greinza01,TSN Pitcher of the Year,2009,AL,,
linceti01,TSN Pitcher of the Year,2009,NL,,
riverma01,TSN Reliever of the Year,2009,AL,,
frankry01,TSN Reliever of the Year,2009,NL,,
matsuhi01,World Series MVP,2009,ML,,
hamiljo03,ALCS MVP,2010,AL,,
mccanbr01,All-Star Game MVP,2010,NL,,
linceti01,Babe Ruth Award,2010,NL,,P
wellsve01,Branch Rickey Award,2010,ML,,
liriafr01,Comeback Player of the Year,2010,AL,,
hudsoti01,Comeback Player of the Year,2010,NL,,
hernafe02,Cy Young Award,2010,AL,,
hallaro01,Cy Young Award,2010,NL,,
teixema01,Gold Glove,2010,AL,,1B
canoro01,Gold Glove,2010,AL,,2B
longoev01,Gold Glove,2010,AL,,3B
mauerjo01,Gold Glove,2010,AL,,C
crawfca02,Gold Glove,2010,AL,,OF
gutiefr01,Gold Glove,2010,AL,,OF
suzukic01,Gold Glove,2010,AL,,OF
buehrma01,Gold Glove,2010,AL,,P
jeterde01,Gold Glove,2010,AL,,SS
pujolal01,Gold Glove,2010,NL,,1B
phillbr01,Gold Glove,2010,NL,,2B
rolensc01,Gold Glove,2010,NL,,3B
molinya01,Gold Glove,2010,NL,,C
bournmi01,Gold Glove,2010,NL,,OF
gonzaca01,Gold Glove,2010,NL,,OF
victosh01,Gold Glove,2010,NL,,OF
arroybr01,Gold Glove,2010,NL,,P
tulowtr01,Gold Glove,2010,NL,,SS
bautijo02,Hank Aaron Award,2010,AL,,
vottojo01,Hank Aaron Award,2010,NL,,
hudsoti01,Hutch Award,2010,ML,,
jeterde01,Lou Gehrig Memorial Award,2010,ML,,
hamiljo03,Most Valuable Player,2010,AL,,
vottojo01,Most Valuable Player,2010,NL,,
rossco01,NLCS MVP,2010,NL,,
wakefti01,Roberto Clemente Award,2010,ML,,
soriara01,Rolaids Relief Man Award,2010,AL,,
bellhe01,Rolaids Relief Man Award,2010,NL,,
felizne01,Rookie of the Year,2010,AL,,
poseybu01,Rookie of the Year,2010,NL,,
cabremi01,Silver Slugger,2010,AL,,1B
canoro01,Silver Slugger,2010,AL,,2B
beltrad01,Silver Slugger,2010,AL,,3B
mauerjo01,Silver Slugger,2010,AL,,C
guerrvl01,Silver Slugger,2010,AL,,DH
bautijo02,Silver Slugger,2010,AL,,OF
crawfca02,Silver Slugger,2010,AL,,OF
hamiljo03,Silver Slugger,2010,AL,,OF
ramiral03,Silver Slugger,2010,AL,,SS
pujolal01,Silver Slugger,2010,NL,,1B
ugglada01,Silver Slugger,2010,NL,,2B
zimmery01,Silver Slugger,2010,NL,,3B
mccanbr01,Silver Slugger,2010,NL,,C
braunry02,Silver Slugger,2010,NL,,OF
gonzaca01,Silver Slugger,2010,NL,,OF
hollima01,Silver Slugger,2010,NL,,OF
gallayo01,Silver Slugger,2010,NL,,P
tulowtr01,Silver Slugger,2010,NL,,SS
hamiljo03,TSN Major League Player of the Year,2010,ML,,
hernafe02,TSN Pitcher of the Year,2010,AL,,
hallaro01,TSN Pitcher of the Year,2010,NL,,
soriara01,TSN Reliever of the Year,2010,AL,,
bellhe01,TSN Reliever of the Year,2010,NL,,
renteed01,World Series MVP,2010,ML,,
cruzne02,ALCS MVP,2011,AL,,
fieldpr01,All-Star Game MVP,2011,NL,,
freesda01,Babe Ruth Award,2011,NL,,P
victosh01,Branch Rickey Award,2011,ML,,
ellsbja01,Comeback Player of the Year,2011,AL,,
berkmla01,Comeback Player of the Year,2011,NL,,
verlaju01,Cy Young Award,2011,AL,,
kershcl01,Cy Young Award,2011,NL,,
gonzaad01,Gold Glove,2011,AL,,1B
pedrodu01,Gold Glove,2011,AL,,2B
beltrad01,Gold Glove,2011,AL,,3B
wietema01,Gold Glove,2011,AL,,C
ellsbja01,Gold Glove,2011,AL,,CF
gordoal01,Gold Glove,2011,AL,,LF
buehrma01,Gold Glove,2011,AL,,P
markani01,Gold Glove,2011,AL,,RF
aybarer01,Gold Glove,2011,AL,,SS
vottojo01,Gold Glove,2011,NL,,1B
phillbr01,Gold Glove,2011,NL,,2B
polanpl01,Gold Glove,2011,NL,,3B
molinya01,Gold Glove,2011,NL,,C
kempma01,Gold Glove,2011,NL,,CF
parrage01,Gold Glove,2011,NL,,LF
kershcl01,Gold Glove,2011,NL,,P
ethiean01,Gold Glove,2011,NL,,RF
tulowtr01,Gold Glove,2011,NL,,SS
bautijo02,Hank Aaron Award,2011,AL,,
kempma01,Hank Aaron Award,2011,NL,,
butlebi03,Hutch Award,2011,ML,,
zimmery01,Lou Gehrig Memorial Award,2011,ML,,
verlaju01,Most Valuable Player,2011,AL,,
braunry02,Most Valuable Player,2011,NL,,
freesda01,NLCS MVP,2011,NL,,
verlaju01,Pitching Triple Crown,2011,AL,,
kershcl01,Pitching Triple Crown,2011,NL,,
ortizda01,Roberto Clemente Award,2011,ML,,
valvejo01,Rolaids Relief Man Award,2011,AL,,
axforjo01,Rolaids Relief Man Award,2011,NL,,
hellije01,Rookie of the Year,2011,AL,,
kimbrcr01,Rookie of the Year,2011,NL,,
gonzaad01,Silver Slugger,2011,AL,,1B
canoro01,Silver Slugger,2011,AL,,2B
beltrad01,Silver Slugger,2011,AL,,3B
avilaal01,Silver Slugger,2011,AL,,C
ortizda01,Silver Slugger,2011,AL,,DH
bautijo02,Silver Slugger,2011,AL,,OF
ellsbja01,Silver Slugger,2011,AL,,OF
grandcu01,Silver Slugger,2011,AL,,OF
cabreas01,Silver Slugger,2011,AL,,SS
fieldpr01,Silver Slugger,2011,NL,,1B
phillbr01,Silver Slugger,2011,NL,,2B
ramirar01,Silver Slugger,2011,NL,,3B
mccanbr01,Silver Slugger,2011,NL,,C
braunry02,Silver Slugger,2011,NL,,OF
kempma01,Silver Slugger,2011,NL,,OF
uptonju01,Silver Slugger,2011,NL,,OF
hudsoda01,Silver Slugger,2011,NL,,P
tulowtr01,Silver Slugger,2011,NL,,SS
verlaju01,TSN Major League Player of the Year,2011,ML,,
verlaju01,TSN Pitcher of the Year,2011,AL,,
kershcl01,TSN Pitcher of the Year,2011,NL,,
freesda01,World Series MVP,2011,ML,,
youngde03,ALCS MVP,2012,AL,,
cabreme01,All-Star Game MVP,2012,NL,,
sandopa01,Babe Ruth Award,2012,NL,,P
dickera01,Branch Rickey Award,2012,ML,,
rodnefe01,Comeback Player of the Year,2012,AL,,
poseybu01,Comeback Player of the Year,2012,NL,,
priceda01,Cy Young Award,2012,AL,,
dickera01,Cy Young Award,2012,NL,,
teixema01,Gold Glove,2012,AL,,1B
canoro01,Gold Glove,2012,AL,,2B
beltrad01,Gold Glove,2012,AL,,3B
wietema01,Gold Glove,2012,AL,,C
jonesad01,Gold Glove,2012,AL,,CF
gordoal01,Gold Glove,2012,AL,,LF
hellije01,Gold Glove,2012,AL,,P
reddijo01,Gold Glove,2012,AL,,RF
hardyjj01,Gold Glove,2012,AL,,SS
larocad01,Gold Glove,2012,NL,,1B
barneda01,Gold Glove,2012,NL,,2B
headlch01,Gold Glove,2012,NL,,3B
molinya01,Gold Glove,2012,NL,,C
mccutan01,Gold Glove,2012,NL,,CF
gonzaca01,Gold Glove,2012,NL,,LF
buehrma01,Gold Glove,2012,NL,,P
heywaja01,Gold Glove,2012,NL,,RF
rolliji01,Gold Glove,2012,NL,,SS
cabremi01,Hank Aaron Award,2012,AL,,
poseybu01,Hank Aaron Award,2012,NL,,
zitoba01,Hutch Award,2012,ML,,
cabremi01,Most Valuable Player,2012,AL,,
poseybu01,Most Valuable Player,2012,NL,,
scutama01,NLCS MVP,2012,NL,,
kershcl01,Roberto Clemente Award,2012,ML,,
johnsji04,Rolaids Relief Man Award,2012,AL,,
kimbrcr01,Rolaids Relief Man Award,2012,NL,,
troutmi01,Rookie of the Year,2012,AL,,
harpebr03,Rookie of the Year,2012,NL,,
fieldpr01,Silver Slugger,2012,AL,,1B
canoro01,Silver Slugger,2012,AL,,2B
cabremi01,Silver Slugger,2012,AL,,3B
pierzaj01,Silver Slugger,2012,AL,,C
butlebi03,Silver Slugger,2012,AL,,DH
hamiljo03,Silver Slugger,2012,AL,,OF
troutmi01,Silver Slugger,2012,AL,,OF
willijo03,Silver Slugger,2012,AL,,OF
jeterde01,Silver Slugger,2012,AL,,SS
larocad01,Silver Slugger,2012,NL,,1B
hillaa01,Silver Slugger,2012,NL,,2B
headlch01,Silver Slugger,2012,NL,,3B
poseybu01,Silver Slugger,2012,NL,,C
braunry01,Silver Slugger,2012,NL,,OF
bruceja01,Silver Slugger,2012,NL,,OF
mccutan01,Silver Slugger,2012,NL,,OF
strasst01,Silver Slugger,2012,NL,,P
desmoia01,Silver Slugger,2012,NL,,SS
cabremi01,Triple Crown,2012,AL,,
cabremi01,TSN Major League Player of the Year,2012,ML,,
priceda01,TSN Pitcher of the Year,2012,AL,Y,
verlaju01,TSN Pitcher of the Year,2012,AL,Y,
dickera01,TSN Pitcher of the Year,2012,NL,,
sandopa01,World Series MVP,2012,ML,,
ueharko01,ALCS MVP,2013,AL,,
riverma01,All-Star Game MVP,2013,NL,,
kershcl01,Branch Rickey Award,2013,ML,,
riverma01,Comeback Player of the Year,2013,AL,,
liriafr01,Comeback Player of the Year,2013,NL,,
scherma01,Cy Young Award,2013,AL,,
kershcl01,Cy Young Award,2013,NL,,
hosmeer01,Gold Glove,2013,AL,,1B
pedrodu01,Gold Glove,2013,AL,,2B
machama01,Gold Glove,2013,AL,,3B
perezsa02,Gold Glove,2013,AL,,C
jonesad01,Gold Glove,2013,AL,,CF
gordoal01,Gold Glove,2013,AL,,LF
dickera01,Gold Glove,2013,AL,,P
victosh01,Gold Glove,2013,AL,,RF
hardyjj01,Gold Glove,2013,AL,,SS
goldspa01,Gold Glove,2013,NL,,1B
phillbr01,Gold Glove,2013,NL,,2B
arenano01,Gold Glove,2013,NL,,3B
molinya01,Gold Glove,2013,NL,,C
gomezca01,Gold Glove,2013,NL,,CF
gonzaca01,Gold Glove,2013,NL,,LF
wainwad01,Gold Glove,2013,NL,,P
parrage01,Gold Glove,2013,NL,,RF
simmoan01,Gold Glove,2013,NL,,SS
cabremi01,Hank Aaron Award,2013,AL,,
goldspa01,Hank Aaron Award,2013,NL,,
cabremi01,Most Valuable Player,2013,AL,,
mccutan01,Most Valuable Player,2013,NL,,
wachami01,NLCS MVP,2013,NL,,
beltrca01,Roberto Clemente Award,2013,ML,,
myerswi01,Rookie of the Year,2013,AL,,
fernajo02,Rookie of the Year,2013,NL,,
davisch02,Silver Slugger,2013,AL,,1B
canoro01,Silver Slugger,2013,AL,,2B
cabremi01,Silver Slugger,2013,AL,,3B
mauerjo01,Silver Slugger,2013,AL,,C
ortizda01,Silver Slugger,2013,AL,,DH
hunteto01,Silver Slugger,2013,AL,,OF
jonesad01,Silver Slugger,2013,AL,,OF
troutmi01,Silver Slugger,2013,AL,,OF
hardyjj01,Silver Slugger,2013,AL,,SS
goldspa01,Silver Slugger,2013,NL,,1B
carpema01,Silver Slugger,2013,NL,,2B
alvarpe01,Silver Slugger,2013,NL,,3B
molinya01,Silver Slugger,2013,NL,,C
bruceja01,Silver Slugger,2013,NL,,OF
cuddymi01,Silver Slugger,2013,NL,,OF
mccutan01,Silver Slugger,2013,NL,,OF
greinza01,Silver Slugger,2013,NL,,P
desmoia01,Silver Slugger,2013,NL,,SS
cabremi01,TSN Major League Player of the Year,2013,ML,,
ortizda01,World Series MVP,2013,ML,,
cainlo01,ALCS MVP,2014,AL,,
troutmi01,All-Star Game MVP,2014,AL,,
rizzoan01,Branch Rickey Award,2014,ML,,
youngch03,Comeback Player of the Year,2014,AL,,
mcgehca01,Comeback Player of the Year,2014,NL,,
klubeco01,Cy Young Award,2014,AL,,
kershcl01,Cy Young Award,2014,NL,,
hosmeer01,Gold Glove,2014,AL,,1B
pedrodu01,Gold Glove,2014,AL,,2B
seageky01,Gold Glove,2014,AL,,3B
perezsa02,Gold Glove,2014,AL,,C
markani01,Gold Glove,2014,AL,,CF
gordoal01,Gold Glove,2014,AL,,LF
keuchda01,Gold Glove,2014,AL,,P
jonesad01,Gold Glove,2014,AL,,RF
hardyjj01,Gold Glove,2014,AL,,SS
gonzaad01,Gold Glove,2014,NL,,1B
lemahdj01,Gold Glove,2014,NL,,2B
arenano01,Gold Glove,2014,NL,,3B
molinya01,Gold Glove,2014,NL,,C
lagarju01,Gold Glove,2014,NL,,CF
yelicch01,Gold Glove,2014,NL,,LF
greinza01,Gold Glove,2014,NL,,P
heywaja01,Gold Glove,2014,NL,,RF
simmoan01,Gold Glove,2014,NL,,SS
troutmi01,Hank Aaron Award,2014,AL,,
stantmi03,Hank Aaron Award,2014,NL,,
troutmi01,Most Valuable Player,2014,AL,,
kershcl01,Most Valuable Player,2014,NL,,
bumgama01,NLCS MVP,2014,NL,,
konerpa01,Roberto Clemente Award,2014,AL,,
rolliji01,Roberto Clemente Award,2014,NL,,
abreujo02,Rookie of the Year,2014,AL,,
degroja01,Rookie of the Year,2014,NL,,
abreujo02,Silver Slugger,2014,AL,,1B
altuvjo01,Silver Slugger,2014,AL,,2B
beltrad01,Silver Slugger,2014,AL,,3B
gomesya01,Silver Slugger,2014,AL,,C
martivi01,Silver Slugger,2014,AL,,DH
troutmi01,Silver Slugger,2014,AL,,OF
brantmi02,Silver Slugger,2014,AL,,OF
bautijo02,Silver Slugger,2014,AL,,OF
ramiral03,Silver Slugger,2014,AL,,SS
gonzaad01,Silver Slugger,2014,NL,,1B
walkene01,Silver Slugger,2014,NL,,2B
rendoan01,Silver Slugger,2014,NL,,3B
poseybu01,Silver Slugger,2014,NL,,C
uptonju01,Silver Slugger,2014,NL,,OF
stantmi03,Silver Slugger,2014,NL,,OF
mccutan01,Silver Slugger,2014,NL,,OF
bumgama01,Silver Slugger,2014,NL,,P
desmoia01,Silver Slugger,2014,NL,,SS
kershcl01,TSN Major League Player of the Year,2014,ML,,
bumgama01,World Series MVP,2014,ML,,
escobal02,ALCS MVP,2015,AL,,
troutmi01,All-Star Game MVP,2015,AL,,
fieldpr01,Comeback Player of the Year,2015,AL,,
harvema01,Comeback Player of the Year,2015,NL,,
keuchda01,Cy Young Award,2015,AL,,
arrieja01,Cy Young Award,2015,NL,,
hosmeer01,Gold Glove,2015,AL,,1B
altuvjo01,Gold Glove,2015,AL,,2B
machama01,Gold Glove,2015,AL,,3B
perezsa02,Gold Glove,2015,AL,,C
kiermke01,Gold Glove,2015,AL,,CF
cespeyo01,Gold Glove,2015,AL,,LF
keuchda01,Gold Glove,2015,AL,,P
calhoko01,Gold Glove,2015,AL,,RF
escobal02,Gold Glove,2015,AL,,SS
goldspa01,Gold Glove,2015,NL,,1B
gordode01,Gold Glove,2015,NL,,2B
arenano01,Gold Glove,2015,NL,,3B
molinya01,Gold Glove,2015,NL,,C
polloaj01,Gold Glove,2015,NL,,CF
martest01,Gold Glove,2015,NL,,LF
greinza01,Gold Glove,2015,NL,,P
heywaja01,Gold Glove,2015,NL,,RF
crawfbr01,Gold Glove,2015,NL,,SS
donaljo02,Hank Aaron Award,2015,AL,,
harpebr03,Hank Aaron Award,2015,ML,,
donaljo02,Most Valuable Player,2015,AL,,
harpebr03,Most Valuable Player,2015,NL,,
murphda08,NLCS MVP,2015,NL,,
mccutan01,Roberto Clemente Award,2015,ML,,
correca01,Rookie of the Year,2015,AL,,
bryankr01,Rookie of the Year,2015,NL,,
cabremi01,Silver Slugger,2015,AL,,1B
altuvjo01,Silver Slugger,2015,AL,,2B
donaljo02,Silver Slugger,2015,AL,,3B
mccanbr01,Silver Slugger,2015,AL,,C
moralke01,Silver Slugger,2015,AL,,DH
troutmi01,Silver Slugger,2015,AL,,OF
martijd02,Silver Slugger,2015,AL,,OF
cruzne02,Silver Slugger,2015,AL,,OF
bogaexa01,Silver Slugger,2015,AL,,SS
goldspa01,Silver Slugger,2015,NL,,1B
gordode01,Silver Slugger,2015,NL,,2B
arenano01,Silver Slugger,2015,NL,,3B
poseybu01,Silver Slugger,2015,NL,,C
harpebr03,Silver Slugger,2015,NL,,OF
gonzaca01,Silver Slugger,2015,NL,,OF
mccutan01,Silver Slugger,2015,NL,,OF
bumgama01,Silver Slugger,2015,NL,,P
crawfbr01,Silver Slugger,2015,NL,,SS
donaljo02,TSN Major League Player of the Year,2015,ML,,
perezsa02,World Series MVP,2015,ML,,
perezsa02,Silver Slugger,2016,AL,,C
cabremi01,Silver Slugger,2016,AL,,1B
altuvjo01,Silver Slugger,2016,AL,,2B
donaljo02,Silver Slugger,2016,AL,,3B
bogaexa01,Silver Slugger,2016,AL,,SS
bettsmo01,Silver Slugger,2016,AL,,OF
troutmi01,Silver Slugger,2016,AL,,OF
trumbma01,Silver Slugger,2016,AL,,OF
ortizda01,Silver Slugger,2016,AL,,DH
ramoswi01,Silver Slugger,2016,NL,,C
rizzoan01,Silver Slugger,2016,NL,,1B
murphda08,Silver Slugger,2016,NL,,2B
arenano01,Silver Slugger,2016,NL,,3B
seageco01,Silver Slugger,2016,NL,,SS
blackch02,Silver Slugger,2016,NL,,OF
cespeyo01,Silver Slugger,2016,NL,,OF
yelicch01,Silver Slugger,2016,NL,,OF
arrieja01,Silver Slugger,2016,NL,,P
perezsa02,Gold Glove,2016,AL,,C
morelmi01,Gold Glove,2016,AL,,1B
kinslia01,Gold Glove,2016,AL,,2B
beltrad01,Gold Glove,2016,AL,,3B
lindofr01,Gold Glove,2016,AL,,SS
gardnbr01,Gold Glove,2016,AL,,OF
kiermke01,Gold Glove,2016,AL,,OF
bettsmo01,Gold Glove,2016,AL,,OF
keuchda01,Gold Glove,2016,AL,,P
poseybu01,Gold Glove,2016,NL,,C
rizzoan01,Gold Glove,2016,NL,,1B
panikjo01,Gold Glove,2016,NL,,2B
arenano01,Gold Glove,2016,NL,,3B
crawfbr01,Gold Glove,2016,NL,,SS
martest01,Gold Glove,2016,NL,,OF
inciaen01,Gold Glove,2016,NL,,OF
heywaja01,Gold Glove,2016,NL,,OF
greinza01,Gold Glove,2016,NL,,P
troutmi01,Most Valuable Player,2016,AL,,
bryankr01,Most Valuable Player,2016,NL,,
porceri01,Cy Young Award,2016,AL,,
scherma01,Cy Young Award,2016,NL,,
fulmemi01,Rookie of the Year,2016,AL,,
seageco01,Rookie of the Year,2016,NL,,Unanimous
grandcu01,Roberto Clemente Award,2016,ML,,
ortizda01,Hank Aaron Award,2016,AL,,DH
bryankr01,Hank Aaron Award,2016,NL,,3B
zobribe01,World Series MVP,2016,ML,,
millean01,ALCS MVP,2016,AL,,
baezja01,NLCS MVP,2016,NL,Y,Co-MVP
lestejo01,NLCS MVP,2016,NL,Y,Co-MVP
porceri01,Comeback Player of the Year,2016,AL,,
rendoan01,Comeback Player of the Year,2016,NL,,
ortizda01,Outstanding DH Award,2016,AL,,
brittza01,Reliever of the Year Award,2016,AL,,
janseke01,Reliever of the Year Award,2016,NL,,
altuvjo01,TSN Major League Player of the Year,2016,ML,,
brittza01,TSN Reliever of the Year,2016,AL,,
klubeco01,TSN Pitcher of the Year,2016,AL,,
janseke01,TSN Reliever of the Year,2016,NL,,
scherma01,TSN Pitcher of the Year,2016,NL,,
poseybu01,TSN All-Star,2016,NL,,C
freemfr01,TSN All-Star,2016,NL,,1B
murphda08,TSN All-Star,2016,NL,,2B
seageco01,TSN All-Star,2016,NL,,SS
bryankr01,TSN All-Star,2016,NL,,3B
yelicch01,TSN All-Star,2016,NL,,OF
cespeyo01,TSN All-Star,2016,NL,,OF
martest01,TSN All-Star,2016,NL,,OF
scherma01,TSN All-Star,2016,NL,,SP
janseke01,TSN All-Star,2016,NL,,RP
perezsa02,TSN All-Star,2016,AL,,C
cabremi01,TSN All-Star,2016,AL,,1B
altuvjo01,TSN All-Star,2016,AL,,2B
lindofr01,TSN All-Star,2016,AL,,SS
donaljo02,TSN All-Star,2016,AL,,3B
troutmi01,TSN All-Star,2016,AL,,OF
bettsmo01,TSN All-Star,2016,AL,,OF
bradlja02,TSN All-Star,2016,AL,,OF
ortizda01,TSN All-Star,2016,AL,,DH
klubeco01,TSN All-Star,2016,AL,,SP
brittza01,TSN All-Star,2016,AL,,RP
hollagr01,Reliever of the Year Award,2014,AL,,
kimbrcr01,Reliever of the Year Award,2014,NL,,
melanma01,Reliever of the Year Award,2015,NL,,
millean01,Reliever of the Year Award,2015,AL,,
altuvjo01,Most Valuable Player,2017,AL,,
stantmi03,Most Valuable Player,2017,NL,,
klubeco01,Cy Young Award,2017,AL,,
scherma01,Cy Young Award,2017,NL,,
judgeaa01,Rookie of the Year,2017,AL,,
bellico01,Rookie of the Year,2017,NL,,
rizzoan01,Roberto Clemente Award,2017,ML,,
altuvjo01,Hank Aaron Award,2017,AL,,
stantmi03,Hank Aaron Award,2017,NL,,
sanchga02,Silver Slugger,2017,AL,,C
hosmeer01,Silver Slugger,2017,AL,,1B
altuvjo01,Silver Slugger,2017,AL,,2B
ramirjo01,Silver Slugger,2017,AL,,3B
lindofr01,Silver Slugger,2017,AL,,SS
judgeaa01,Silver Slugger,2017,AL,,OF
springe01,Silver Slugger,2017,AL,,OF
uptonju01,Silver Slugger,2017,AL,,OF
cruzne02,Silver Slugger,2017,AL,,DH
poseybu01,Silver Slugger,2017,NL,,C
goldspa01,Silver Slugger,2017,NL,,1B
murphda08,Silver Slugger,2017,NL,,2B
arenano01,Silver Slugger,2017,NL,,3B
seageco01,Silver Slugger,2017,NL,,SS
stantmi03,Silver Slugger,2017,NL,,OF
ozunama01,Silver Slugger,2017,NL,,OF
blackch02,Silver Slugger,2017,NL,,OF
wainwad01,Silver Slugger,2017,NL,,P
maldoma01,Gold Glove,2017,AL,,C
hosmeer01,Gold Glove,2017,AL,,1B
doziebr01,Gold Glove,2017,AL,,2B
longoev01,Gold Glove,2017,AL,,3B
simmoan01,Gold Glove,2017,AL,,SS
gordoal01,Gold Glove,2017,AL,,LF
buxtoby01,Gold Glove,2017,AL,,CF
bettsmo01,Gold Glove,2017,AL,,RF
stromma01,Gold Glove,2017,AL,,P
barnhtu01,Gold Glove,2017,NL,,C
goldspa01,Gold Glove,2017,NL,,1B
lemahdj01,Gold Glove,2017,NL,,2B
arenano01,Gold Glove,2017,NL,,3B
crawfbr01,Gold Glove,2017,NL,,SS
ozunama01,Gold Glove,2017,NL,,LF
inciaen01,Gold Glove,2017,NL,,CF
heywaja01,Gold Glove,2017,NL,,RF
greinza01,Gold Glove,2017,NL,,P
springe01,World Series MVP,2017,ML,,
verlaju01,ALCS MVP,2017,AL,,
turneju01,NLCS MVP,2017,NL,Y,Co-MVP
tayloch03,NLCS MVP,2017,NL,Y,Co-MVP
moustmi01,Comeback Player of the Year,2017,AL,,
zimmery01,Comeback Player of the Year,2017,NL,,
cruzne02,Outstanding DH Award,2017,,,
kimbrcr01,Reliever of the Year Award,2017,AL,,
janseke01,Reliever of the Year Award,2017,NL,,
sanchga02,TSN All-Star,2017,AL,,C
hosmeer01,TSN All-Star,2017,AL,,1B
altuvjo01,TSN All-Star,2017,AL,,2B
lindofr01,TSN All-Star,2017,AL,,SS
judgeaa01,TSN All-Star,2017,AL,,OF
bettsmo01,TSN All-Star,2017,AL,,OF
troutmi01,TSN All-Star,2017,AL,,OF
cruzne02,TSN All-Star,2017,AL,,DH
salech01,TSN All-Star,2017,AL,,SP
kimbrcr01,TSN All-Star,2017,AL,,RP
poseybu01,TSN All-Star,2017,NL,,C
vottojo01,TSN All-Star,2017,NL,,1B
murphda08,TSN All-Star,2017,NL,,2B
rendoan01,TSN All-Star,2017,NL,,3B
seageco01,TSN All-Star,2017,NL,,SS
stantmi03,TSN All-Star,2017,NL,,OF
blackch02,TSN All-Star,2017,NL,,OF
ozunama01,TSN All-Star,2017,NL,,OF
scherma01,TSN All-Star,2017,NL,,SP
janseke01,TSN All-Star,2017,NL,,RP
